business_id,product_id,category,price,cost,launch_date
UAE_001,P_UAE_001_1,Retail,673,360,2022-01-01
UAE_001,P_UAE_001_2,Retail,1662,956,2022-01-01
UAE_002,P_UAE_002_1,Retail,1036,491,2022-01-01
UAE_002,P_UAE_002_2,Retail,208,88,2022-01-01
UAE_003,P_UAE_003_1,Retail,1979,777,2022-01-01
UAE_003,P_UAE_003_2,Retail,1623,638,2022-01-01
UAE_003,P_UAE_003_3,Retail,269,179,2022-01-01
UAE_003,P_UAE_003_4,Retail,556,354,2022-01-01
UAE_004,P_UAE_004_1,Retail,3242,2162,2022-01-01
UAE_004,P_UAE_004_2,Retail,775,285,2022-01-01
UAE_005,P_UAE_005_1,Services,3637,1764,2022-01-01
UAE_005,P_UAE_005_2,Services,5617,3150,2022-01-01
UAE_005,P_UAE_005_3,Services,1143,603,2022-01-01
UAE_006,P_UAE_006_1,Services,1256,663,2022-01-01
UAE_006,P_UAE_006_2,Services,4814,2290,2022-01-01
UAE_007,P_UAE_007_1,Retail,1342,649,2022-01-01
UAE_007,P_UAE_007_2,Retail,1454,567,2022-01-01
UAE_007,P_UAE_007_3,Retail,2492,1243,2022-01-01
UAE_007,P_UAE_007_4,Retail,935,559,2022-01-01
UAE_008,P_UAE_008_1,Retail,9089,6023,2022-01-01
UAE_008,P_UAE_008_2,Retail,7836,4285,2022-01-01
UAE_008,P_UAE_008_3,Retail,3325,2236,2022-01-01
UAE_009,P_UAE_009_1,Retail,2169,1407,2022-01-01
UAE_009,P_UAE_009_2,Retail,153,86,2022-01-01
UAE_009,P_UAE_009_3,Retail,982,486,2022-01-01
UAE_009,P_UAE_009_4,Retail,2096,960,2022-01-01
UAE_010,P_UAE_010_1,Retail,976,642,2022-01-01
UAE_010,P_UAE_010_2,Retail,194,134,2022-01-01
UAE_010,P_UAE_010_3,Retail,1694,996,2022-01-01
UAE_011,P_UAE_011_1,Services,1046,727,2022-01-01
UAE_011,P_UAE_011_2,Services,1134,518,2022-01-01
UAE_011,P_UAE_011_3,Services,976,477,2022-01-01
UAE_011,P_UAE_011_4,Services,2071,783,2022-01-01
UAE_012,P_UAE_012_1,Services,3074,1494,2022-01-01
UAE_012,P_UAE_012_2,Services,540,204,2022-01-01
UAE_013,P_UAE_013_1,Retail,970,657,2022-01-01
UAE_013,P_UAE_013_2,Retail,1457,575,2022-01-01
UAE_013,P_UAE_013_3,Retail,1297,750,2022-01-01
UAE_013,P_UAE_013_4,Retail,2111,1430,2022-01-01
UAE_014,P_UAE_014_1,Retail,2923,1321,2022-01-01
UAE_014,P_UAE_014_2,Retail,3599,2277,2022-01-01
UAE_014,P_UAE_014_3,Retail,2183,902,2022-01-01
UAE_015,P_UAE_015_1,Manufacturing,117,51,2022-01-01
UAE_015,P_UAE_015_2,Manufacturing,579,205,2022-01-01
UAE_015,P_UAE_015_3,Manufacturing,1857,1100,2022-01-01
UAE_016,P_UAE_016_1,Services,2062,1380,2022-01-01
UAE_016,P_UAE_016_2,Services,2497,908,2022-01-01
UAE_017,P_UAE_017_1,Retail,39644,26521,2022-01-01
UAE_017,P_UAE_017_2,Retail,41354,28366,2022-01-01
UAE_017,P_UAE_017_3,Retail,22535,12067,2022-01-01
UAE_018,P_UAE_018_1,Retail,1803,743,2022-01-01
UAE_018,P_UAE_018_2,Retail,354,171,2022-01-01
UAE_018,P_UAE_018_3,Retail,1200,683,2022-01-01
UAE_019,P_UAE_019_1,Retail,1917,837,2022-01-01
UAE_019,P_UAE_019_2,Retail,984,588,2022-01-01
UAE_019,P_UAE_019_3,Retail,416,210,2022-01-01
UAE_019,P_UAE_019_4,Retail,2832,1384,2022-01-01
UAE_020,P_UAE_020_1,Retail,10470,6270,2022-01-01
UAE_020,P_UAE_020_2,Retail,15667,5486,2022-01-01
UAE_021,P_UAE_021_1,Retail,4831,3193,2022-01-01
UAE_021,P_UAE_021_2,Retail,44820,24891,2022-01-01
UAE_022,P_UAE_022_1,Manufacturing,3935,1676,2022-01-01
UAE_022,P_UAE_022_2,Manufacturing,3945,2367,2022-01-01
UAE_022,P_UAE_022_3,Manufacturing,3332,1270,2022-01-01
UAE_023,P_UAE_023_1,Retail,399,256,2022-01-01
UAE_023,P_UAE_023_2,Retail,1922,722,2022-01-01
UAE_023,P_UAE_023_3,Retail,2107,977,2022-01-01
UAE_023,P_UAE_023_4,Retail,946,390,2022-01-01
UAE_024,P_UAE_024_1,Retail,3101,1970,2022-01-01
UAE_024,P_UAE_024_2,Retail,279,98,2022-01-01
UAE_025,P_UAE_025_1,Services,1082,611,2022-01-01
UAE_025,P_UAE_025_2,Services,546,218,2022-01-01
UAE_026,P_UAE_026_1,Retail,12390,7719,2022-01-01
UAE_026,P_UAE_026_2,Retail,15024,7501,2022-01-01
UAE_026,P_UAE_026_3,Retail,21947,8509,2022-01-01
UAE_026,P_UAE_026_4,Retail,5366,2519,2022-01-01
UAE_027,P_UAE_027_1,Manufacturing,2040,1280,2022-01-01
UAE_027,P_UAE_027_2,Manufacturing,1297,560,2022-01-01
UAE_028,P_UAE_028_1,Services,2231,1448,2022-01-01
UAE_028,P_UAE_028_2,Services,503,336,2022-01-01
UAE_028,P_UAE_028_3,Services,1771,1063,2022-01-01
UAE_029,P_UAE_029_1,Retail,27162,17748,2022-01-01
UAE_029,P_UAE_029_2,Retail,8895,4437,2022-01-01
UAE_030,P_UAE_030_1,Services,2190,926,2022-01-01
UAE_030,P_UAE_030_2,Services,271,104,2022-01-01
UAE_031,P_UAE_031_1,Retail,1621,699,2022-01-01
UAE_031,P_UAE_031_2,Retail,1513,772,2022-01-01
UAE_031,P_UAE_031_3,Retail,2111,740,2022-01-01
UAE_031,P_UAE_031_4,Retail,1809,1016,2022-01-01
UAE_032,P_UAE_032_1,Retail,2362,1269,2022-01-01
UAE_032,P_UAE_032_2,Retail,1962,1090,2022-01-01
UAE_032,P_UAE_032_3,Retail,3987,2264,2022-01-01
UAE_032,P_UAE_032_4,Retail,3049,1272,2022-01-01
UAE_033,P_UAE_033_1,Retail,11440,7004,2022-01-01
UAE_033,P_UAE_033_2,Retail,12085,4391,2022-01-01
UAE_033,P_UAE_033_3,Retail,4892,1847,2022-01-01
UAE_034,P_UAE_034_1,Retail,3391,2271,2022-01-01
UAE_034,P_UAE_034_2,Retail,3658,2266,2022-01-01
UAE_035,P_UAE_035_1,Retail,632,316,2022-01-01
UAE_035,P_UAE_035_2,Retail,1723,941,2022-01-01
UAE_035,P_UAE_035_3,Retail,2139,1368,2022-01-01
UAE_036,P_UAE_036_1,Retail,1552,1009,2022-01-01
UAE_036,P_UAE_036_2,Retail,1523,789,2022-01-01
UAE_037,P_UAE_037_1,Retail,845,367,2022-01-01
UAE_037,P_UAE_037_2,Retail,2066,793,2022-01-01
UAE_037,P_UAE_037_3,Retail,1157,524,2022-01-01
UAE_038,P_UAE_038_1,Retail,639,278,2022-01-01
UAE_038,P_UAE_038_2,Retail,856,584,2022-01-01
UAE_038,P_UAE_038_3,Retail,2221,881,2022-01-01
UAE_038,P_UAE_038_4,Retail,387,249,2022-01-01
UAE_039,P_UAE_039_1,Retail,1532,970,2022-01-01
UAE_039,P_UAE_039_2,Retail,975,635,2022-01-01
UAE_039,P_UAE_039_3,Retail,2512,1214,2022-01-01
UAE_039,P_UAE_039_4,Retail,1305,617,2022-01-01
UAE_040,P_UAE_040_1,Retail,692,458,2022-01-01
UAE_040,P_UAE_040_2,Retail,612,335,2022-01-01
UAE_041,P_UAE_041_1,Retail,1678,1010,2022-01-01
UAE_041,P_UAE_041_2,Retail,2240,1543,2022-01-01
UAE_041,P_UAE_041_3,Retail,1200,445,2022-01-01
UAE_041,P_UAE_041_4,Retail,2102,822,2022-01-01
UAE_042,P_UAE_042_1,Retail,2950,1670,2022-01-01
UAE_042,P_UAE_042_2,Retail,1207,663,2022-01-01
UAE_042,P_UAE_042_3,Retail,633,276,2022-01-01
UAE_043,P_UAE_043_1,Retail,3308,2223,2022-01-01
UAE_043,P_UAE_043_2,Retail,1177,442,2022-01-01
UAE_044,P_UAE_044_1,Retail,294,146,2022-01-01
UAE_044,P_UAE_044_2,Retail,231,137,2022-01-01
UAE_045,P_UAE_045_1,Manufacturing,727,393,2022-01-01
UAE_045,P_UAE_045_2,Manufacturing,791,277,2022-01-01
UAE_045,P_UAE_045_3,Manufacturing,971,546,2022-01-01
UAE_045,P_UAE_045_4,Manufacturing,1956,704,2022-01-01
UAE_046,P_UAE_046_1,Retail,1567,597,2022-01-01
UAE_046,P_UAE_046_2,Retail,2333,934,2022-01-01
UAE_047,P_UAE_047_1,Retail,3350,2015,2022-01-01
UAE_047,P_UAE_047_2,Retail,2463,1325,2022-01-01
UAE_047,P_UAE_047_3,Retail,3404,2018,2022-01-01
UAE_048,P_UAE_048_1,Retail,839,450,2022-01-01
UAE_048,P_UAE_048_2,Retail,1949,836,2022-01-01
UAE_049,P_UAE_049_1,Services,1551,791,2022-01-01
UAE_049,P_UAE_049_2,Services,2482,1030,2022-01-01
UAE_050,P_UAE_050_1,Retail,3067,1987,2022-01-01
UAE_050,P_UAE_050_2,Retail,3346,1316,2022-01-01
UAE_051,P_UAE_051_1,Retail,523,204,2022-01-01
UAE_051,P_UAE_051_2,Retail,175,86,2022-01-01
UAE_051,P_UAE_051_3,Retail,776,350,2022-01-01
UAE_051,P_UAE_051_4,Retail,2456,1026,2022-01-01
UAE_052,P_UAE_052_1,Retail,898,364,2022-01-01
UAE_052,P_UAE_052_2,Retail,256,105,2022-01-01
UAE_052,P_UAE_052_3,Retail,939,457,2022-01-01
UAE_053,P_UAE_053_1,Manufacturing,2053,928,2022-01-01
UAE_053,P_UAE_053_2,Manufacturing,796,351,2022-01-01
UAE_053,P_UAE_053_3,Manufacturing,812,499,2022-01-01
UAE_053,P_UAE_053_4,Manufacturing,3644,1829,2022-01-01
UAE_054,P_UAE_054_1,Retail,1812,724,2022-01-01
UAE_054,P_UAE_054_2,Retail,2592,1798,2022-01-01
UAE_054,P_UAE_054_3,Retail,1438,561,2022-01-01
UAE_055,P_UAE_055_1,Retail,2855,1619,2022-01-01
UAE_055,P_UAE_055_2,Retail,1589,730,2022-01-01
UAE_056,P_UAE_056_1,Manufacturing,2071,969,2022-01-01
UAE_056,P_UAE_056_2,Manufacturing,840,356,2022-01-01
UAE_056,P_UAE_056_3,Manufacturing,1275,671,2022-01-01
UAE_057,P_UAE_057_1,Services,1995,893,2022-01-01
UAE_057,P_UAE_057_2,Services,3419,1754,2022-01-01
UAE_058,P_UAE_058_1,Retail,10615,5220,2022-01-01
UAE_058,P_UAE_058_2,Retail,7040,4168,2022-01-01
UAE_058,P_UAE_058_3,Retail,670,373,2022-01-01
UAE_059,P_UAE_059_1,Services,2166,1176,2022-01-01
UAE_059,P_UAE_059_2,Services,2679,1262,2022-01-01
UAE_060,P_UAE_060_1,Services,1045,446,2022-01-01
UAE_060,P_UAE_060_2,Services,4682,1859,2022-01-01
UAE_060,P_UAE_060_3,Services,8101,3454,2022-01-01
UAE_061,P_UAE_061_1,Retail,1317,921,2022-01-01
UAE_061,P_UAE_061_2,Retail,1569,1056,2022-01-01
UAE_062,P_UAE_062_1,Retail,2378,1161,2022-01-01
UAE_062,P_UAE_062_2,Retail,1360,747,2022-01-01
UAE_063,P_UAE_063_1,Retail,2209,1045,2022-01-01
UAE_063,P_UAE_063_2,Retail,268,126,2022-01-01
UAE_064,P_UAE_064_1,Retail,1079,752,2022-01-01
UAE_064,P_UAE_064_2,Retail,533,221,2022-01-01
UAE_064,P_UAE_064_3,Retail,2443,1417,2022-01-01
UAE_064,P_UAE_064_4,Retail,1347,503,2022-01-01
UAE_065,P_UAE_065_1,Retail,1451,677,2022-01-01
UAE_065,P_UAE_065_2,Retail,630,400,2022-01-01
UAE_065,P_UAE_065_3,Retail,1825,1103,2022-01-01
UAE_066,P_UAE_066_1,Retail,56416,32343,2022-01-01
UAE_066,P_UAE_066_2,Retail,84852,29907,2022-01-01
UAE_066,P_UAE_066_3,Retail,44435,23430,2022-01-01
UAE_067,P_UAE_067_1,Retail,2071,808,2022-01-01
UAE_067,P_UAE_067_2,Retail,2946,1567,2022-01-01
UAE_067,P_UAE_067_3,Retail,3440,1686,2022-01-01
UAE_068,P_UAE_068_1,Retail,25594,16049,2022-01-01
UAE_068,P_UAE_068_2,Retail,26100,10575,2022-01-01
UAE_068,P_UAE_068_3,Retail,21606,14823,2022-01-01
UAE_069,P_UAE_069_1,Retail,2021,1312,2022-01-01
UAE_069,P_UAE_069_2,Retail,4301,1880,2022-01-01
UAE_070,P_UAE_070_1,Retail,8581,3419,2022-01-01
UAE_070,P_UAE_070_2,Retail,55974,34422,2022-01-01
UAE_071,P_UAE_071_1,Manufacturing,6923,4597,2022-01-01
UAE_071,P_UAE_071_2,Manufacturing,6585,3450,2022-01-01
UAE_072,P_UAE_072_1,Services,4475,2244,2022-01-01
UAE_072,P_UAE_072_2,Services,5398,3403,2022-01-01
UAE_072,P_UAE_072_3,Services,3260,1201,2022-01-01
UAE_072,P_UAE_072_4,Services,2117,1349,2022-01-01
UAE_073,P_UAE_073_1,Retail,1112,646,2022-01-01
UAE_073,P_UAE_073_2,Retail,478,233,2022-01-01
UAE_073,P_UAE_073_3,Retail,357,245,2022-01-01
UAE_073,P_UAE_073_4,Retail,613,427,2022-01-01
UAE_074,P_UAE_074_1,Services,2566,1768,2022-01-01
UAE_074,P_UAE_074_2,Services,165,76,2022-01-01
UAE_075,P_UAE_075_1,Retail,1024,422,2022-01-01
UAE_075,P_UAE_075_2,Retail,767,449,2022-01-01
UAE_075,P_UAE_075_3,Retail,297,174,2022-01-01
UAE_076,P_UAE_076_1,Retail,815,310,2022-01-01
UAE_076,P_UAE_076_2,Retail,3267,1691,2022-01-01
UAE_076,P_UAE_076_3,Retail,1040,656,2022-01-01
UAE_076,P_UAE_076_4,Retail,3277,1893,2022-01-01
UAE_077,P_UAE_077_1,Manufacturing,2078,872,2022-01-01
UAE_077,P_UAE_077_2,Manufacturing,1972,935,2022-01-01
UAE_078,P_UAE_078_1,Retail,800,369,2022-01-01
UAE_078,P_UAE_078_2,Retail,1389,877,2022-01-01
UAE_078,P_UAE_078_3,Retail,2440,1551,2022-01-01
UAE_078,P_UAE_078_4,Retail,1035,679,2022-01-01
UAE_079,P_UAE_079_1,Retail,2160,996,2022-01-01
UAE_079,P_UAE_079_2,Retail,449,167,2022-01-01
UAE_079,P_UAE_079_3,Retail,1451,815,2022-01-01
UAE_080,P_UAE_080_1,Retail,31848,18077,2022-01-01
UAE_080,P_UAE_080_2,Retail,27639,16347,2022-01-01
UAE_081,P_UAE_081_1,Retail,1913,1177,2022-01-01
UAE_081,P_UAE_081_2,Retail,1470,939,2022-01-01
UAE_082,P_UAE_082_1,Services,706,282,2022-01-01
UAE_082,P_UAE_082_2,Services,244,91,2022-01-01
UAE_082,P_UAE_082_3,Services,3883,2437,2022-01-01
UAE_083,P_UAE_083_1,Retail,301,197,2022-01-01
UAE_083,P_UAE_083_2,Retail,342,124,2022-01-01
UAE_083,P_UAE_083_3,Retail,2175,811,2022-01-01
UAE_084,P_UAE_084_1,Retail,9652,6482,2022-01-01
UAE_084,P_UAE_084_2,Retail,7862,3507,2022-01-01
UAE_084,P_UAE_084_3,Retail,9585,3733,2022-01-01
UAE_085,P_UAE_085_1,Retail,17454,8895,2022-01-01
UAE_085,P_UAE_085_2,Retail,32718,16569,2022-01-01
UAE_086,P_UAE_086_1,Retail,1493,984,2022-01-01
UAE_086,P_UAE_086_2,Retail,1417,836,2022-01-01
UAE_086,P_UAE_086_3,Retail,979,444,2022-01-01
UAE_086,P_UAE_086_4,Retail,905,349,2022-01-01
UAE_087,P_UAE_087_1,Retail,200,105,2022-01-01
UAE_087,P_UAE_087_2,Retail,726,291,2022-01-01
UAE_088,P_UAE_088_1,Retail,40021,20101,2022-01-01
UAE_088,P_UAE_088_2,Retail,11981,4911,2022-01-01
UAE_088,P_UAE_088_3,Retail,30349,11671,2022-01-01
UAE_088,P_UAE_088_4,Retail,12482,7093,2022-01-01
UAE_089,P_UAE_089_1,Retail,1163,579,2022-01-01
UAE_089,P_UAE_089_2,Retail,967,548,2022-01-01
UAE_089,P_UAE_089_3,Retail,1156,729,2022-01-01
UAE_089,P_UAE_089_4,Retail,1491,636,2022-01-01
UAE_090,P_UAE_090_1,Retail,9698,6569,2022-01-01
UAE_090,P_UAE_090_2,Retail,2442,1413,2022-01-01
UAE_090,P_UAE_090_3,Retail,10006,5165,2022-01-01
UAE_090,P_UAE_090_4,Retail,3981,2655,2022-01-01
UAE_091,P_UAE_091_1,Retail,7343,3742,2022-01-01
UAE_091,P_UAE_091_2,Retail,3505,1954,2022-01-01
UAE_091,P_UAE_091_3,Retail,1347,735,2022-01-01
UAE_092,P_UAE_092_1,Retail,2105,1265,2022-01-01
UAE_092,P_UAE_092_2,Retail,12276,8500,2022-01-01
UAE_092,P_UAE_092_3,Retail,1173,672,2022-01-01
UAE_093,P_UAE_093_1,Retail,1445,602,2022-01-01
UAE_093,P_UAE_093_2,Retail,867,456,2022-01-01
UAE_093,P_UAE_093_3,Retail,2262,1098,2022-01-01
UAE_094,P_UAE_094_1,Retail,319,160,2022-01-01
UAE_094,P_UAE_094_2,Retail,3317,1571,2022-01-01
UAE_094,P_UAE_094_3,Retail,3913,1894,2022-01-01
UAE_094,P_UAE_094_4,Retail,3167,1380,2022-01-01
UAE_095,P_UAE_095_1,Retail,6145,3706,2022-01-01
UAE_095,P_UAE_095_2,Retail,2812,1830,2022-01-01
UAE_095,P_UAE_095_3,Retail,4197,1473,2022-01-01
UAE_095,P_UAE_095_4,Retail,6096,3121,2022-01-01
UAE_096,P_UAE_096_1,Services,553,339,2022-01-01
UAE_096,P_UAE_096_2,Services,1254,557,2022-01-01
UAE_096,P_UAE_096_3,Services,1761,873,2022-01-01
UAE_097,P_UAE_097_1,Retail,717,412,2022-01-01
UAE_097,P_UAE_097_2,Retail,1753,1183,2022-01-01
UAE_097,P_UAE_097_3,Retail,604,232,2022-01-01
UAE_097,P_UAE_097_4,Retail,240,125,2022-01-01
UAE_098,P_UAE_098_1,Retail,1478,653,2022-01-01
UAE_098,P_UAE_098_2,Retail,2062,1226,2022-01-01
UAE_098,P_UAE_098_3,Retail,662,362,2022-01-01
UAE_099,P_UAE_099_1,Services,2763,1038,2022-01-01
UAE_099,P_UAE_099_2,Services,2635,1394,2022-01-01
UAE_099,P_UAE_099_3,Services,305,113,2022-01-01
UAE_099,P_UAE_099_4,Services,925,438,2022-01-01
UAE_100,P_UAE_100_1,Retail,1951,1287,2022-01-01
UAE_100,P_UAE_100_2,Retail,2089,985,2022-01-01
UAE_101,P_UAE_101_1,Retail,2188,1207,2022-01-01
UAE_101,P_UAE_101_2,Retail,2290,1113,2022-01-01
UAE_101,P_UAE_101_3,Retail,1588,710,2022-01-01
UAE_101,P_UAE_101_4,Retail,456,185,2022-01-01
UAE_102,P_UAE_102_1,Retail,3194,1798,2022-01-01
UAE_102,P_UAE_102_2,Retail,2428,1619,2022-01-01
UAE_102,P_UAE_102_3,Retail,207,111,2022-01-01
UAE_103,P_UAE_103_1,Retail,3676,1494,2022-01-01
UAE_103,P_UAE_103_2,Retail,3766,1639,2022-01-01
UAE_103,P_UAE_103_3,Retail,1726,915,2022-01-01
UAE_103,P_UAE_103_4,Retail,3244,1577,2022-01-01
UAE_104,P_UAE_104_1,Retail,656,454,2022-01-01
UAE_104,P_UAE_104_2,Retail,1391,604,2022-01-01
UAE_104,P_UAE_104_3,Retail,1583,790,2022-01-01
UAE_104,P_UAE_104_4,Retail,2407,1305,2022-01-01
UAE_105,P_UAE_105_1,Manufacturing,1634,628,2022-01-01
UAE_105,P_UAE_105_2,Manufacturing,15057,8573,2022-01-01
UAE_105,P_UAE_105_3,Manufacturing,7789,4237,2022-01-01
UAE_106,P_UAE_106_1,Retail,10622,7119,2022-01-01
UAE_106,P_UAE_106_2,Retail,4111,2816,2022-01-01
UAE_106,P_UAE_106_3,Retail,48680,21336,2022-01-01
UAE_107,P_UAE_107_1,Services,720,417,2022-01-01
UAE_107,P_UAE_107_2,Services,2379,1382,2022-01-01
UAE_108,P_UAE_108_1,Services,782,416,2022-01-01
UAE_108,P_UAE_108_2,Services,1097,442,2022-01-01
UAE_109,P_UAE_109_1,Retail,3769,1594,2022-01-01
UAE_109,P_UAE_109_2,Retail,2563,1458,2022-01-01
UAE_109,P_UAE_109_3,Retail,2711,1323,2022-01-01
UAE_109,P_UAE_109_4,Retail,891,393,2022-01-01
UAE_110,P_UAE_110_1,Manufacturing,2013,862,2022-01-01
UAE_110,P_UAE_110_2,Manufacturing,2194,858,2022-01-01
UAE_110,P_UAE_110_3,Manufacturing,1944,1258,2022-01-01
UAE_111,P_UAE_111_1,Retail,1011,563,2022-01-01
UAE_111,P_UAE_111_2,Retail,874,347,2022-01-01
UAE_111,P_UAE_111_3,Retail,1082,465,2022-01-01
UAE_112,P_UAE_112_1,Retail,772,292,2022-01-01
UAE_112,P_UAE_112_2,Retail,621,400,2022-01-01
UAE_112,P_UAE_112_3,Retail,745,386,2022-01-01
UAE_113,P_UAE_113_1,Manufacturing,2029,1403,2022-01-01
UAE_113,P_UAE_113_2,Manufacturing,1263,567,2022-01-01
UAE_113,P_UAE_113_3,Manufacturing,1958,1270,2022-01-01
UAE_113,P_UAE_113_4,Manufacturing,1626,843,2022-01-01
UAE_114,P_UAE_114_1,Retail,20287,7934,2022-01-01
UAE_114,P_UAE_114_2,Retail,9408,5530,2022-01-01
UAE_114,P_UAE_114_3,Retail,21767,14171,2022-01-01
UAE_115,P_UAE_115_1,Services,1336,542,2022-01-01
UAE_115,P_UAE_115_2,Services,780,300,2022-01-01
UAE_115,P_UAE_115_3,Services,2107,1474,2022-01-01
UAE_115,P_UAE_115_4,Services,1788,655,2022-01-01
UAE_116,P_UAE_116_1,Services,234,126,2022-01-01
UAE_116,P_UAE_116_2,Services,1626,592,2022-01-01
UAE_117,P_UAE_117_1,Services,124,58,2022-01-01
UAE_117,P_UAE_117_2,Services,1766,822,2022-01-01
UAE_118,P_UAE_118_1,Retail,5582,2467,2022-01-01
UAE_118,P_UAE_118_2,Retail,3602,2145,2022-01-01
UAE_118,P_UAE_118_3,Retail,1492,568,2022-01-01
UAE_118,P_UAE_118_4,Retail,2127,1457,2022-01-01
UAE_119,P_UAE_119_1,Retail,3097,1144,2022-01-01
UAE_119,P_UAE_119_2,Retail,1145,622,2022-01-01
UAE_120,P_UAE_120_1,Retail,1602,1072,2022-01-01
UAE_120,P_UAE_120_2,Retail,1979,1109,2022-01-01
UAE_120,P_UAE_120_3,Retail,933,601,2022-01-01
UAE_121,P_UAE_121_1,Services,3453,2208,2022-01-01
UAE_121,P_UAE_121_2,Services,1998,1069,2022-01-01
UAE_121,P_UAE_121_3,Services,1829,676,2022-01-01
UAE_122,P_UAE_122_1,Retail,1953,1060,2022-01-01
UAE_122,P_UAE_122_2,Retail,1234,491,2022-01-01
UAE_123,P_UAE_123_1,Retail,15214,5700,2022-01-01
UAE_123,P_UAE_123_2,Retail,915,358,2022-01-01
UAE_124,P_UAE_124_1,Retail,958,581,2022-01-01
UAE_124,P_UAE_124_2,Retail,1633,698,2022-01-01
UAE_124,P_UAE_124_3,Retail,861,363,2022-01-01
UAE_124,P_UAE_124_4,Retail,1919,757,2022-01-01
UAE_125,P_UAE_125_1,Retail,864,598,2022-01-01
UAE_125,P_UAE_125_2,Retail,870,367,2022-01-01
UAE_126,P_UAE_126_1,Manufacturing,3194,2175,2022-01-01
UAE_126,P_UAE_126_2,Manufacturing,3619,2389,2022-01-01
UAE_126,P_UAE_126_3,Manufacturing,4058,1845,2022-01-01
UAE_126,P_UAE_126_4,Manufacturing,3234,1977,2022-01-01
UAE_127,P_UAE_127_1,Retail,4231,2552,2022-01-01
UAE_127,P_UAE_127_2,Retail,3654,2286,2022-01-01
UAE_127,P_UAE_127_3,Retail,1924,779,2022-01-01
UAE_128,P_UAE_128_1,Retail,4067,1879,2022-01-01
UAE_128,P_UAE_128_2,Retail,2542,1066,2022-01-01
UAE_128,P_UAE_128_3,Retail,4096,2777,2022-01-01
UAE_129,P_UAE_129_1,Services,1850,706,2022-01-01
UAE_129,P_UAE_129_2,Services,464,254,2022-01-01
UAE_130,P_UAE_130_1,Retail,279,162,2022-01-01
UAE_130,P_UAE_130_2,Retail,2291,802,2022-01-01
UAE_130,P_UAE_130_3,Retail,618,287,2022-01-01
UAE_130,P_UAE_130_4,Retail,2063,799,2022-01-01
UAE_131,P_UAE_131_1,Retail,228,87,2022-01-01
UAE_131,P_UAE_131_2,Retail,509,283,2022-01-01
UAE_131,P_UAE_131_3,Retail,683,359,2022-01-01
UAE_132,P_UAE_132_1,Retail,3480,2034,2022-01-01
UAE_132,P_UAE_132_2,Retail,3707,1832,2022-01-01
UAE_132,P_UAE_132_3,Retail,605,341,2022-01-01
UAE_133,P_UAE_133_1,Services,797,344,2022-01-01
UAE_133,P_UAE_133_2,Services,725,310,2022-01-01
UAE_134,P_UAE_134_1,Services,1202,762,2022-01-01
UAE_134,P_UAE_134_2,Services,3681,2130,2022-01-01
UAE_135,P_UAE_135_1,Retail,1816,754,2022-01-01
UAE_135,P_UAE_135_2,Retail,1614,860,2022-01-01
UAE_135,P_UAE_135_3,Retail,1135,576,2022-01-01
UAE_136,P_UAE_136_1,Retail,882,359,2022-01-01
UAE_136,P_UAE_136_2,Retail,522,185,2022-01-01
UAE_136,P_UAE_136_3,Retail,830,370,2022-01-01
UAE_136,P_UAE_136_4,Retail,1256,650,2022-01-01
UAE_137,P_UAE_137_1,Retail,26902,16032,2022-01-01
UAE_137,P_UAE_137_2,Retail,44835,18422,2022-01-01
UAE_138,P_UAE_138_1,Retail,137,51,2022-01-01
UAE_138,P_UAE_138_2,Retail,451,222,2022-01-01
UAE_138,P_UAE_138_3,Retail,1744,839,2022-01-01
UAE_138,P_UAE_138_4,Retail,2051,1393,2022-01-01
UAE_139,P_UAE_139_1,Retail,3593,2047,2022-01-01
UAE_139,P_UAE_139_2,Retail,2899,1751,2022-01-01
UAE_139,P_UAE_139_3,Retail,1297,705,2022-01-01
UAE_139,P_UAE_139_4,Retail,3088,2082,2022-01-01
UAE_140,P_UAE_140_1,Retail,2606,1381,2022-01-01
UAE_140,P_UAE_140_2,Retail,1433,880,2022-01-01
UAE_140,P_UAE_140_3,Retail,375,148,2022-01-01
UAE_140,P_UAE_140_4,Retail,3061,1459,2022-01-01
UAE_141,P_UAE_141_1,Services,1442,887,2022-01-01
UAE_141,P_UAE_141_2,Services,1600,839,2022-01-01
UAE_141,P_UAE_141_3,Services,802,537,2022-01-01
UAE_141,P_UAE_141_4,Services,1724,967,2022-01-01
UAE_142,P_UAE_142_1,Retail,2071,1382,2022-01-01
UAE_142,P_UAE_142_2,Retail,1122,451,2022-01-01
UAE_143,P_UAE_143_1,Retail,16023,9882,2022-01-01
UAE_143,P_UAE_143_2,Retail,15344,9556,2022-01-01
UAE_143,P_UAE_143_3,Retail,6974,2740,2022-01-01
UAE_143,P_UAE_143_4,Retail,5084,3261,2022-01-01
UAE_144,P_UAE_144_1,Manufacturing,1158,496,2022-01-01
UAE_144,P_UAE_144_2,Manufacturing,1023,650,2022-01-01
UAE_144,P_UAE_144_3,Manufacturing,2963,1747,2022-01-01
UAE_145,P_UAE_145_1,Retail,1690,628,2022-01-01
UAE_145,P_UAE_145_2,Retail,2116,1462,2022-01-01
UAE_145,P_UAE_145_3,Retail,1269,604,2022-01-01
UAE_146,P_UAE_146_1,Retail,627,300,2022-01-01
UAE_146,P_UAE_146_2,Retail,1976,1141,2022-01-01
UAE_147,P_UAE_147_1,Services,349,130,2022-01-01
UAE_147,P_UAE_147_2,Services,1294,665,2022-01-01
UAE_147,P_UAE_147_3,Services,783,498,2022-01-01
UAE_148,P_UAE_148_1,Services,1679,906,2022-01-01
UAE_148,P_UAE_148_2,Services,3823,1586,2022-01-01
UAE_149,P_UAE_149_1,Retail,1710,1025,2022-01-01
UAE_149,P_UAE_149_2,Retail,12648,5539,2022-01-01
UAE_149,P_UAE_149_3,Retail,5712,2475,2022-01-01
UAE_150,P_UAE_150_1,Retail,557,243,2022-01-01
UAE_150,P_UAE_150_2,Retail,1090,487,2022-01-01
UAE_150,P_UAE_150_3,Retail,426,192,2022-01-01
UAE_151,P_UAE_151_1,Retail,3221,1347,2022-01-01
UAE_151,P_UAE_151_2,Retail,3070,1863,2022-01-01
UAE_151,P_UAE_151_3,Retail,1838,1117,2022-01-01
UAE_151,P_UAE_151_4,Retail,392,265,2022-01-01
UAE_152,P_UAE_152_1,Manufacturing,84291,47698,2022-01-01
UAE_152,P_UAE_152_2,Manufacturing,36129,20922,2022-01-01
UAE_153,P_UAE_153_1,Retail,2201,880,2022-01-01
UAE_153,P_UAE_153_2,Retail,203,126,2022-01-01
UAE_154,P_UAE_154_1,Retail,1382,745,2022-01-01
UAE_154,P_UAE_154_2,Retail,1928,1080,2022-01-01
UAE_154,P_UAE_154_3,Retail,1037,517,2022-01-01
UAE_155,P_UAE_155_1,Manufacturing,5420,2778,2022-01-01
UAE_155,P_UAE_155_2,Manufacturing,714,498,2022-01-01
UAE_156,P_UAE_156_1,Retail,1006,639,2022-01-01
UAE_156,P_UAE_156_2,Retail,2437,1331,2022-01-01
UAE_156,P_UAE_156_3,Retail,2282,1596,2022-01-01
UAE_156,P_UAE_156_4,Retail,1486,700,2022-01-01
UAE_157,P_UAE_157_1,Retail,14095,5169,2022-01-01
UAE_157,P_UAE_157_2,Retail,2324,1146,2022-01-01
UAE_158,P_UAE_158_1,Services,5802,2986,2022-01-01
UAE_158,P_UAE_158_2,Services,8478,3959,2022-01-01
UAE_158,P_UAE_158_3,Services,4390,2051,2022-01-01
UAE_159,P_UAE_159_1,Retail,763,507,2022-01-01
UAE_159,P_UAE_159_2,Retail,106,72,2022-01-01
UAE_160,P_UAE_160_1,Retail,5678,3745,2022-01-01
UAE_160,P_UAE_160_2,Retail,16775,6571,2022-01-01
UAE_160,P_UAE_160_3,Retail,18991,8302,2022-01-01
UAE_161,P_UAE_161_1,Retail,1641,578,2022-01-01
UAE_161,P_UAE_161_2,Retail,1474,540,2022-01-01
UAE_161,P_UAE_161_3,Retail,986,653,2022-01-01
UAE_161,P_UAE_161_4,Retail,343,131,2022-01-01
UAE_162,P_UAE_162_1,Retail,637,384,2022-01-01
UAE_162,P_UAE_162_2,Retail,2571,1622,2022-01-01
UAE_162,P_UAE_162_3,Retail,269,98,2022-01-01
UAE_163,P_UAE_163_1,Retail,2432,857,2022-01-01
UAE_163,P_UAE_163_2,Retail,1351,560,2022-01-01
UAE_164,P_UAE_164_1,Services,1990,811,2022-01-01
UAE_164,P_UAE_164_2,Services,443,208,2022-01-01
UAE_165,P_UAE_165_1,Retail,1187,701,2022-01-01
UAE_165,P_UAE_165_2,Retail,1553,751,2022-01-01
UAE_166,P_UAE_166_1,Retail,446,281,2022-01-01
UAE_166,P_UAE_166_2,Retail,551,235,2022-01-01
UAE_166,P_UAE_166_3,Retail,2139,1037,2022-01-01
UAE_167,P_UAE_167_1,Retail,1377,521,2022-01-01
UAE_167,P_UAE_167_2,Retail,4022,1640,2022-01-01
UAE_168,P_UAE_168_1,Services,5396,2560,2022-01-01
UAE_168,P_UAE_168_2,Services,2935,1273,2022-01-01
UAE_168,P_UAE_168_3,Services,7458,3234,2022-01-01
UAE_168,P_UAE_168_4,Services,5356,1917,2022-01-01
UAE_169,P_UAE_169_1,Retail,1932,1287,2022-01-01
UAE_169,P_UAE_169_2,Retail,1505,702,2022-01-01
UAE_170,P_UAE_170_1,Retail,10875,7241,2022-01-01
UAE_170,P_UAE_170_2,Retail,13896,5630,2022-01-01
UAE_170,P_UAE_170_3,Retail,11739,4565,2022-01-01
UAE_171,P_UAE_171_1,Retail,4340,2019,2022-01-01
UAE_171,P_UAE_171_2,Retail,959,370,2022-01-01
UAE_172,P_UAE_172_1,Retail,2543,961,2022-01-01
UAE_172,P_UAE_172_2,Retail,715,380,2022-01-01
UAE_173,P_UAE_173_1,Retail,1467,728,2022-01-01
UAE_173,P_UAE_173_2,Retail,1715,857,2022-01-01
UAE_174,P_UAE_174_1,Retail,2587,1719,2022-01-01
UAE_174,P_UAE_174_2,Retail,1726,659,2022-01-01
UAE_175,P_UAE_175_1,Services,3336,1598,2022-01-01
UAE_175,P_UAE_175_2,Services,1614,849,2022-01-01
UAE_176,P_UAE_176_1,Services,695,428,2022-01-01
UAE_176,P_UAE_176_2,Services,3090,1348,2022-01-01
UAE_176,P_UAE_176_3,Services,797,336,2022-01-01
UAE_176,P_UAE_176_4,Services,1970,742,2022-01-01
UAE_177,P_UAE_177_1,Manufacturing,11203,7649,2022-01-01
UAE_177,P_UAE_177_2,Manufacturing,4060,2497,2022-01-01
UAE_177,P_UAE_177_3,Manufacturing,7567,4231,2022-01-01
UAE_177,P_UAE_177_4,Manufacturing,11014,6912,2022-01-01
UAE_178,P_UAE_178_1,Services,1352,830,2022-01-01
UAE_178,P_UAE_178_2,Services,2035,1367,2022-01-01
UAE_178,P_UAE_178_3,Services,1262,667,2022-01-01
UAE_179,P_UAE_179_1,Retail,2837,1836,2022-01-01
UAE_179,P_UAE_179_2,Retail,2256,1061,2022-01-01
UAE_180,P_UAE_180_1,Services,2274,800,2022-01-01
UAE_180,P_UAE_180_2,Services,2693,1534,2022-01-01
UAE_180,P_UAE_180_3,Services,2201,1469,2022-01-01
UAE_180,P_UAE_180_4,Services,1773,698,2022-01-01
UAE_181,P_UAE_181_1,Retail,107,52,2022-01-01
UAE_181,P_UAE_181_2,Retail,1614,935,2022-01-01
UAE_182,P_UAE_182_1,Retail,265,120,2022-01-01
UAE_182,P_UAE_182_2,Retail,2370,1281,2022-01-01
UAE_183,P_UAE_183_1,Retail,8300,3929,2022-01-01
UAE_183,P_UAE_183_2,Retail,11844,5719,2022-01-01
UAE_183,P_UAE_183_3,Retail,1298,535,2022-01-01
UAE_184,P_UAE_184_1,Manufacturing,2807,1452,2022-01-01
UAE_184,P_UAE_184_2,Manufacturing,1117,529,2022-01-01
UAE_185,P_UAE_185_1,Retail,1169,776,2022-01-01
UAE_185,P_UAE_185_2,Retail,1902,1058,2022-01-01
UAE_186,P_UAE_186_1,Retail,803,316,2022-01-01
UAE_186,P_UAE_186_2,Retail,491,341,2022-01-01
UAE_187,P_UAE_187_1,Manufacturing,2321,1147,2022-01-01
UAE_187,P_UAE_187_2,Manufacturing,2186,1434,2022-01-01
UAE_188,P_UAE_188_1,Retail,5478,3403,2022-01-01
UAE_188,P_UAE_188_2,Retail,4910,2043,2022-01-01
UAE_188,P_UAE_188_3,Retail,7862,3039,2022-01-01
UAE_189,P_UAE_189_1,Retail,8932,3469,2022-01-01
UAE_189,P_UAE_189_2,Retail,8543,5903,2022-01-01
UAE_189,P_UAE_189_3,Retail,16620,8281,2022-01-01
UAE_190,P_UAE_190_1,Services,3921,1866,2022-01-01
UAE_190,P_UAE_190_2,Services,3960,2755,2022-01-01
UAE_191,P_UAE_191_1,Services,3744,1479,2022-01-01
UAE_191,P_UAE_191_2,Services,1479,916,2022-01-01
UAE_192,P_UAE_192_1,Services,1905,847,2022-01-01
UAE_192,P_UAE_192_2,Services,608,274,2022-01-01
UAE_193,P_UAE_193_1,Services,1486,619,2022-01-01
UAE_193,P_UAE_193_2,Services,773,471,2022-01-01
UAE_194,P_UAE_194_1,Services,1940,759,2022-01-01
UAE_194,P_UAE_194_2,Services,912,431,2022-01-01
UAE_195,P_UAE_195_1,Services,16178,10201,2022-01-01
UAE_195,P_UAE_195_2,Services,8721,5698,2022-01-01
UAE_196,P_UAE_196_1,Services,2244,1243,2022-01-01
UAE_196,P_UAE_196_2,Services,433,168,2022-01-01
UAE_196,P_UAE_196_3,Services,2327,1123,2022-01-01
UAE_197,P_UAE_197_1,Manufacturing,18127,11904,2022-01-01
UAE_197,P_UAE_197_2,Manufacturing,23583,12477,2022-01-01
UAE_197,P_UAE_197_3,Manufacturing,9271,3444,2022-01-01
UAE_197,P_UAE_197_4,Manufacturing,22748,12358,2022-01-01
UAE_198,P_UAE_198_1,Manufacturing,7369,4869,2022-01-01
UAE_198,P_UAE_198_2,Manufacturing,7977,5410,2022-01-01
UAE_199,P_UAE_199_1,Retail,11341,6299,2022-01-01
UAE_199,P_UAE_199_2,Retail,14219,6748,2022-01-01
UAE_199,P_UAE_199_3,Retail,3169,1518,2022-01-01
UAE_200,P_UAE_200_1,Retail,1717,694,2022-01-01
UAE_200,P_UAE_200_2,Retail,1950,1212,2022-01-01
UAE_200,P_UAE_200_3,Retail,3491,1567,2022-01-01
UAE_200,P_UAE_200_4,Retail,1421,671,2022-01-01
UAE_201,P_UAE_201_1,Retail,8776,4623,2022-01-01
UAE_201,P_UAE_201_2,Retail,1114,507,2022-01-01
UAE_202,P_UAE_202_1,Retail,1729,892,2022-01-01
UAE_202,P_UAE_202_2,Retail,365,185,2022-01-01
UAE_202,P_UAE_202_3,Retail,617,370,2022-01-01
UAE_203,P_UAE_203_1,Retail,1931,738,2022-01-01
UAE_203,P_UAE_203_2,Retail,358,243,2022-01-01
UAE_203,P_UAE_203_3,Retail,1991,769,2022-01-01
UAE_204,P_UAE_204_1,Retail,1244,446,2022-01-01
UAE_204,P_UAE_204_2,Retail,2385,1115,2022-01-01
UAE_205,P_UAE_205_1,Retail,7271,4325,2022-01-01
UAE_205,P_UAE_205_2,Retail,49817,26733,2022-01-01
UAE_205,P_UAE_205_3,Retail,38578,23628,2022-01-01
UAE_205,P_UAE_205_4,Retail,3769,2485,2022-01-01
UAE_206,P_UAE_206_1,Retail,849,582,2022-01-01
UAE_206,P_UAE_206_2,Retail,974,389,2022-01-01
UAE_207,P_UAE_207_1,Retail,1329,513,2022-01-01
UAE_207,P_UAE_207_2,Retail,2336,1234,2022-01-01
UAE_208,P_UAE_208_1,Retail,1638,877,2022-01-01
UAE_208,P_UAE_208_2,Retail,634,360,2022-01-01
UAE_209,P_UAE_209_1,Retail,3737,1404,2022-01-01
UAE_209,P_UAE_209_2,Retail,9285,3477,2022-01-01
UAE_209,P_UAE_209_3,Retail,6680,2359,2022-01-01
UAE_210,P_UAE_210_1,Services,28438,12993,2022-01-01
UAE_210,P_UAE_210_2,Services,33275,17000,2022-01-01
UAE_210,P_UAE_210_3,Services,11505,4232,2022-01-01
UAE_211,P_UAE_211_1,Retail,533,305,2022-01-01
UAE_211,P_UAE_211_2,Retail,2875,1572,2022-01-01
UAE_211,P_UAE_211_3,Retail,819,456,2022-01-01
UAE_211,P_UAE_211_4,Retail,798,431,2022-01-01
UAE_212,P_UAE_212_1,Retail,3037,1171,2022-01-01
UAE_212,P_UAE_212_2,Retail,612,416,2022-01-01
UAE_212,P_UAE_212_3,Retail,1167,655,2022-01-01
UAE_213,P_UAE_213_1,Retail,2231,965,2022-01-01
UAE_213,P_UAE_213_2,Retail,339,221,2022-01-01
UAE_213,P_UAE_213_3,Retail,587,245,2022-01-01
UAE_214,P_UAE_214_1,Services,4438,1600,2022-01-01
UAE_214,P_UAE_214_2,Services,1656,1018,2022-01-01
UAE_214,P_UAE_214_3,Services,2731,1546,2022-01-01
UAE_214,P_UAE_214_4,Services,3484,1965,2022-01-01
UAE_215,P_UAE_215_1,Retail,7842,3225,2022-01-01
UAE_215,P_UAE_215_2,Retail,8274,3209,2022-01-01
UAE_215,P_UAE_215_3,Retail,1720,699,2022-01-01
UAE_215,P_UAE_215_4,Retail,7915,5126,2022-01-01
UAE_216,P_UAE_216_1,Retail,1473,971,2022-01-01
UAE_216,P_UAE_216_2,Retail,4264,1846,2022-01-01
UAE_216,P_UAE_216_3,Retail,3431,1437,2022-01-01
UAE_216,P_UAE_216_4,Retail,4697,3172,2022-01-01
UAE_217,P_UAE_217_1,Retail,1520,900,2022-01-01
UAE_217,P_UAE_217_2,Retail,1080,468,2022-01-01
UAE_217,P_UAE_217_3,Retail,590,243,2022-01-01
UAE_218,P_UAE_218_1,Retail,2450,1322,2022-01-01
UAE_218,P_UAE_218_2,Retail,1181,445,2022-01-01
UAE_218,P_UAE_218_3,Retail,3160,1875,2022-01-01
UAE_218,P_UAE_218_4,Retail,1292,570,2022-01-01
UAE_219,P_UAE_219_1,Manufacturing,695,369,2022-01-01
UAE_219,P_UAE_219_2,Manufacturing,2286,899,2022-01-01
UAE_220,P_UAE_220_1,Manufacturing,12626,8010,2022-01-01
UAE_220,P_UAE_220_2,Manufacturing,14187,7897,2022-01-01
UAE_221,P_UAE_221_1,Manufacturing,487,238,2022-01-01
UAE_221,P_UAE_221_2,Manufacturing,2385,1354,2022-01-01
UAE_221,P_UAE_221_3,Manufacturing,1369,681,2022-01-01
UAE_222,P_UAE_222_1,Manufacturing,3233,2044,2022-01-01
UAE_222,P_UAE_222_2,Manufacturing,1972,843,2022-01-01
UAE_223,P_UAE_223_1,Retail,431,255,2022-01-01
UAE_223,P_UAE_223_2,Retail,1684,592,2022-01-01
UAE_223,P_UAE_223_3,Retail,455,255,2022-01-01
UAE_224,P_UAE_224_1,Services,2737,991,2022-01-01
UAE_224,P_UAE_224_2,Services,665,389,2022-01-01
UAE_224,P_UAE_224_3,Services,1991,1040,2022-01-01
UAE_225,P_UAE_225_1,Retail,406,237,2022-01-01
UAE_225,P_UAE_225_2,Retail,1749,1108,2022-01-01
UAE_225,P_UAE_225_3,Retail,1078,407,2022-01-01
UAE_226,P_UAE_226_1,Retail,2389,1097,2022-01-01
UAE_226,P_UAE_226_2,Retail,6751,4605,2022-01-01
UAE_226,P_UAE_226_3,Retail,1597,920,2022-01-01
UAE_227,P_UAE_227_1,Retail,2010,1062,2022-01-01
UAE_227,P_UAE_227_2,Retail,8562,3735,2022-01-01
UAE_227,P_UAE_227_3,Retail,6553,4179,2022-01-01
UAE_228,P_UAE_228_1,Retail,969,454,2022-01-01
UAE_228,P_UAE_228_2,Retail,2085,738,2022-01-01
UAE_228,P_UAE_228_3,Retail,1556,611,2022-01-01
UAE_228,P_UAE_228_4,Retail,1723,1041,2022-01-01
UAE_229,P_UAE_229_1,Retail,1720,1124,2022-01-01
UAE_229,P_UAE_229_2,Retail,3308,1169,2022-01-01
UAE_229,P_UAE_229_3,Retail,1784,1204,2022-01-01
UAE_230,P_UAE_230_1,Services,2272,1342,2022-01-01
UAE_230,P_UAE_230_2,Services,1221,679,2022-01-01
UAE_230,P_UAE_230_3,Services,2425,1322,2022-01-01
UAE_230,P_UAE_230_4,Services,2243,966,2022-01-01
UAE_231,P_UAE_231_1,Retail,11100,4967,2022-01-01
UAE_231,P_UAE_231_2,Retail,16752,9154,2022-01-01
UAE_231,P_UAE_231_3,Retail,19483,7945,2022-01-01
UAE_231,P_UAE_231_4,Retail,10484,6578,2022-01-01
UAE_232,P_UAE_232_1,Retail,1352,773,2022-01-01
UAE_232,P_UAE_232_2,Retail,1162,511,2022-01-01
UAE_233,P_UAE_233_1,Retail,2071,809,2022-01-01
UAE_233,P_UAE_233_2,Retail,877,543,2022-01-01
UAE_233,P_UAE_233_3,Retail,1154,431,2022-01-01
UAE_233,P_UAE_233_4,Retail,1847,937,2022-01-01
UAE_234,P_UAE_234_1,Retail,1829,966,2022-01-01
UAE_234,P_UAE_234_2,Retail,3897,2292,2022-01-01
UAE_234,P_UAE_234_3,Retail,2095,765,2022-01-01
UAE_234,P_UAE_234_4,Retail,9010,4260,2022-01-01
UAE_235,P_UAE_235_1,Services,386,172,2022-01-01
UAE_235,P_UAE_235_2,Services,1999,912,2022-01-01
UAE_235,P_UAE_235_3,Services,2035,1260,2022-01-01
UAE_236,P_UAE_236_1,Services,2159,1303,2022-01-01
UAE_236,P_UAE_236_2,Services,575,340,2022-01-01
UAE_236,P_UAE_236_3,Services,2047,1408,2022-01-01
UAE_236,P_UAE_236_4,Services,2448,1319,2022-01-01
UAE_237,P_UAE_237_1,Services,799,519,2022-01-01
UAE_237,P_UAE_237_2,Services,1588,1104,2022-01-01
UAE_237,P_UAE_237_3,Services,1711,1127,2022-01-01
UAE_238,P_UAE_238_1,Manufacturing,1875,919,2022-01-01
UAE_238,P_UAE_238_2,Manufacturing,1747,889,2022-01-01
UAE_239,P_UAE_239_1,Retail,313,181,2022-01-01
UAE_239,P_UAE_239_2,Retail,876,423,2022-01-01
UAE_239,P_UAE_239_3,Retail,169,116,2022-01-01
UAE_239,P_UAE_239_4,Retail,1652,829,2022-01-01
UAE_240,P_UAE_240_1,Retail,2819,1662,2022-01-01
UAE_240,P_UAE_240_2,Retail,2933,1882,2022-01-01
UAE_240,P_UAE_240_3,Retail,1516,670,2022-01-01
UAE_240,P_UAE_240_4,Retail,2369,1442,2022-01-01
UAE_241,P_UAE_241_1,Services,3390,1340,2022-01-01
UAE_241,P_UAE_241_2,Services,966,483,2022-01-01
UAE_242,P_UAE_242_1,Retail,17810,12089,2022-01-01
UAE_242,P_UAE_242_2,Retail,13959,6499,2022-01-01
UAE_242,P_UAE_242_3,Retail,13025,5899,2022-01-01
UAE_242,P_UAE_242_4,Retail,2048,920,2022-01-01
UAE_243,P_UAE_243_1,Retail,328,219,2022-01-01
UAE_243,P_UAE_243_2,Retail,1809,677,2022-01-01
UAE_243,P_UAE_243_3,Retail,1611,1111,2022-01-01
UAE_243,P_UAE_243_4,Retail,2101,1023,2022-01-01
UAE_244,P_UAE_244_1,Retail,187,85,2022-01-01
UAE_244,P_UAE_244_2,Retail,1232,669,2022-01-01
UAE_244,P_UAE_244_3,Retail,2415,1487,2022-01-01
UAE_245,P_UAE_245_1,Retail,250,128,2022-01-01
UAE_245,P_UAE_245_2,Retail,570,250,2022-01-01
UAE_245,P_UAE_245_3,Retail,1181,667,2022-01-01
UAE_246,P_UAE_246_1,Manufacturing,549,217,2022-01-01
UAE_246,P_UAE_246_2,Manufacturing,1838,1269,2022-01-01
UAE_246,P_UAE_246_3,Manufacturing,1597,1062,2022-01-01
UAE_247,P_UAE_247_1,Services,927,565,2022-01-01
UAE_247,P_UAE_247_2,Services,1209,590,2022-01-01
UAE_248,P_UAE_248_1,Retail,1598,881,2022-01-01
UAE_248,P_UAE_248_2,Retail,2128,1468,2022-01-01
UAE_248,P_UAE_248_3,Retail,1883,939,2022-01-01
UAE_249,P_UAE_249_1,Retail,1741,823,2022-01-01
UAE_249,P_UAE_249_2,Retail,1594,854,2022-01-01
UAE_249,P_UAE_249_3,Retail,1426,656,2022-01-01
UAE_250,P_UAE_250_1,Retail,1268,625,2022-01-01
UAE_250,P_UAE_250_2,Retail,1264,505,2022-01-01
UAE_251,P_UAE_251_1,Retail,3525,1993,2022-01-01
UAE_251,P_UAE_251_2,Retail,3156,1924,2022-01-01
UAE_251,P_UAE_251_3,Retail,3655,1988,2022-01-01
UAE_252,P_UAE_252_1,Retail,2110,1472,2022-01-01
UAE_252,P_UAE_252_2,Retail,1357,718,2022-01-01
UAE_253,P_UAE_253_1,Retail,864,531,2022-01-01
UAE_253,P_UAE_253_2,Retail,2812,1820,2022-01-01
UAE_253,P_UAE_253_3,Retail,2899,1662,2022-01-01
UAE_254,P_UAE_254_1,Manufacturing,6306,3194,2022-01-01
UAE_254,P_UAE_254_2,Manufacturing,6573,4458,2022-01-01
UAE_255,P_UAE_255_1,Services,838,505,2022-01-01
UAE_255,P_UAE_255_2,Services,1828,906,2022-01-01
UAE_256,P_UAE_256_1,Retail,2047,823,2022-01-01
UAE_256,P_UAE_256_2,Retail,4446,1884,2022-01-01
UAE_256,P_UAE_256_3,Retail,1468,597,2022-01-01
UAE_257,P_UAE_257_1,Retail,18177,9289,2022-01-01
UAE_257,P_UAE_257_2,Retail,18403,11293,2022-01-01
UAE_258,P_UAE_258_1,Retail,1563,838,2022-01-01
UAE_258,P_UAE_258_2,Retail,517,281,2022-01-01
UAE_258,P_UAE_258_3,Retail,791,356,2022-01-01
UAE_258,P_UAE_258_4,Retail,2310,896,2022-01-01
UAE_259,P_UAE_259_1,Services,484,212,2022-01-01
UAE_259,P_UAE_259_2,Services,5732,3608,2022-01-01
UAE_260,P_UAE_260_1,Retail,821,363,2022-01-01
UAE_260,P_UAE_260_2,Retail,1433,662,2022-01-01
UAE_261,P_UAE_261_1,Retail,1921,1259,2022-01-01
UAE_261,P_UAE_261_2,Retail,1550,564,2022-01-01
UAE_262,P_UAE_262_1,Retail,1403,662,2022-01-01
UAE_262,P_UAE_262_2,Retail,1564,946,2022-01-01
UAE_262,P_UAE_262_3,Retail,2199,952,2022-01-01
UAE_262,P_UAE_262_4,Retail,1358,801,2022-01-01
UAE_263,P_UAE_263_1,Retail,2544,1230,2022-01-01
UAE_263,P_UAE_263_2,Retail,11845,4690,2022-01-01
UAE_264,P_UAE_264_1,Retail,5204,2961,2022-01-01
UAE_264,P_UAE_264_2,Retail,4142,2533,2022-01-01
UAE_264,P_UAE_264_3,Retail,1291,454,2022-01-01
UAE_264,P_UAE_264_4,Retail,1075,693,2022-01-01
UAE_265,P_UAE_265_1,Retail,4250,1955,2022-01-01
UAE_265,P_UAE_265_2,Retail,2406,933,2022-01-01
UAE_265,P_UAE_265_3,Retail,2688,955,2022-01-01
UAE_266,P_UAE_266_1,Retail,778,423,2022-01-01
UAE_266,P_UAE_266_2,Retail,3422,1209,2022-01-01
UAE_267,P_UAE_267_1,Retail,840,566,2022-01-01
UAE_267,P_UAE_267_2,Retail,1870,1061,2022-01-01
UAE_267,P_UAE_267_3,Retail,1976,1073,2022-01-01
UAE_267,P_UAE_267_4,Retail,993,366,2022-01-01
UAE_268,P_UAE_268_1,Manufacturing,1359,885,2022-01-01
UAE_268,P_UAE_268_2,Manufacturing,1275,545,2022-01-01
UAE_268,P_UAE_268_3,Manufacturing,841,380,2022-01-01
UAE_268,P_UAE_268_4,Manufacturing,651,341,2022-01-01
UAE_269,P_UAE_269_1,Retail,684,357,2022-01-01
UAE_269,P_UAE_269_2,Retail,2766,1919,2022-01-01
UAE_269,P_UAE_269_3,Retail,2907,1880,2022-01-01
UAE_269,P_UAE_269_4,Retail,238,164,2022-01-01
UAE_270,P_UAE_270_1,Retail,2549,1776,2022-01-01
UAE_270,P_UAE_270_2,Retail,3840,1390,2022-01-01
UAE_271,P_UAE_271_1,Retail,2328,1414,2022-01-01
UAE_271,P_UAE_271_2,Retail,1516,575,2022-01-01
UAE_271,P_UAE_271_3,Retail,1616,1124,2022-01-01
UAE_271,P_UAE_271_4,Retail,2304,1365,2022-01-01
UAE_272,P_UAE_272_1,Services,2234,1182,2022-01-01
UAE_272,P_UAE_272_2,Services,873,423,2022-01-01
UAE_273,P_UAE_273_1,Services,2058,1126,2022-01-01
UAE_273,P_UAE_273_2,Services,2984,1143,2022-01-01
UAE_274,P_UAE_274_1,Retail,276,101,2022-01-01
UAE_274,P_UAE_274_2,Retail,766,279,2022-01-01
UAE_274,P_UAE_274_3,Retail,1052,639,2022-01-01
UAE_275,P_UAE_275_1,Retail,2626,1045,2022-01-01
UAE_275,P_UAE_275_2,Retail,2500,977,2022-01-01
UAE_276,P_UAE_276_1,Services,1569,948,2022-01-01
UAE_276,P_UAE_276_2,Services,536,297,2022-01-01
UAE_276,P_UAE_276_3,Services,167,79,2022-01-01
UAE_277,P_UAE_277_1,Services,593,298,2022-01-01
UAE_277,P_UAE_277_2,Services,2208,1012,2022-01-01
UAE_277,P_UAE_277_3,Services,2474,986,2022-01-01
UAE_277,P_UAE_277_4,Services,1305,484,2022-01-01
UAE_278,P_UAE_278_1,Services,569,298,2022-01-01
UAE_278,P_UAE_278_2,Services,3741,2334,2022-01-01
UAE_279,P_UAE_279_1,Retail,1932,966,2022-01-01
UAE_279,P_UAE_279_2,Retail,1678,873,2022-01-01
UAE_279,P_UAE_279_3,Retail,1171,790,2022-01-01
UAE_280,P_UAE_280_1,Retail,3969,2744,2022-01-01
UAE_280,P_UAE_280_2,Retail,4386,2576,2022-01-01
UAE_280,P_UAE_280_3,Retail,2023,1062,2022-01-01
UAE_280,P_UAE_280_4,Retail,240,123,2022-01-01
UAE_281,P_UAE_281_1,Retail,2338,1020,2022-01-01
UAE_281,P_UAE_281_2,Retail,261,108,2022-01-01
UAE_281,P_UAE_281_3,Retail,1614,793,2022-01-01
UAE_282,P_UAE_282_1,Retail,1018,582,2022-01-01
UAE_282,P_UAE_282_2,Retail,561,312,2022-01-01
UAE_283,P_UAE_283_1,Retail,2075,1322,2022-01-01
UAE_283,P_UAE_283_2,Retail,978,562,2022-01-01
UAE_284,P_UAE_284_1,Retail,1201,643,2022-01-01
UAE_284,P_UAE_284_2,Retail,1544,802,2022-01-01
UAE_285,P_UAE_285_1,Retail,2480,1328,2022-01-01
UAE_285,P_UAE_285_2,Retail,882,535,2022-01-01
UAE_285,P_UAE_285_3,Retail,1333,579,2022-01-01
UAE_286,P_UAE_286_1,Retail,3553,1251,2022-01-01
UAE_286,P_UAE_286_2,Retail,2614,1646,2022-01-01
UAE_286,P_UAE_286_3,Retail,2691,1008,2022-01-01
UAE_286,P_UAE_286_4,Retail,1552,714,2022-01-01
UAE_287,P_UAE_287_1,Services,1302,569,2022-01-01
UAE_287,P_UAE_287_2,Services,422,212,2022-01-01
UAE_287,P_UAE_287_3,Services,351,169,2022-01-01
UAE_288,P_UAE_288_1,Manufacturing,1002,645,2022-01-01
UAE_288,P_UAE_288_2,Manufacturing,972,496,2022-01-01
UAE_288,P_UAE_288_3,Manufacturing,205,111,2022-01-01
UAE_288,P_UAE_288_4,Manufacturing,2971,1317,2022-01-01
UAE_289,P_UAE_289_1,Retail,13988,9757,2022-01-01
UAE_289,P_UAE_289_2,Retail,86633,54431,2022-01-01
UAE_289,P_UAE_289_3,Retail,38429,24720,2022-01-01
UAE_289,P_UAE_289_4,Retail,56139,24292,2022-01-01
UAE_290,P_UAE_290_1,Retail,1042,468,2022-01-01
UAE_290,P_UAE_290_2,Retail,1017,432,2022-01-01
UAE_290,P_UAE_290_3,Retail,3054,2003,2022-01-01
UAE_290,P_UAE_290_4,Retail,3875,2619,2022-01-01
UAE_291,P_UAE_291_1,Manufacturing,2009,1179,2022-01-01
UAE_291,P_UAE_291_2,Manufacturing,1300,687,2022-01-01
UAE_291,P_UAE_291_3,Manufacturing,1536,707,2022-01-01
UAE_291,P_UAE_291_4,Manufacturing,547,373,2022-01-01
UAE_292,P_UAE_292_1,Retail,935,517,2022-01-01
UAE_292,P_UAE_292_2,Retail,2481,929,2022-01-01
UAE_292,P_UAE_292_3,Retail,2630,932,2022-01-01
UAE_292,P_UAE_292_4,Retail,3862,2515,2022-01-01
UAE_293,P_UAE_293_1,Services,317,188,2022-01-01
UAE_293,P_UAE_293_2,Services,950,406,2022-01-01
UAE_293,P_UAE_293_3,Services,1682,908,2022-01-01
UAE_294,P_UAE_294_1,Retail,1126,636,2022-01-01
UAE_294,P_UAE_294_2,Retail,1487,979,2022-01-01
UAE_294,P_UAE_294_3,Retail,2010,1402,2022-01-01
UAE_295,P_UAE_295_1,Retail,34231,16423,2022-01-01
UAE_295,P_UAE_295_2,Retail,78098,47514,2022-01-01
UAE_295,P_UAE_295_3,Retail,58410,25325,2022-01-01
UAE_296,P_UAE_296_1,Services,238,132,2022-01-01
UAE_296,P_UAE_296_2,Services,810,340,2022-01-01
UAE_297,P_UAE_297_1,Retail,7666,3545,2022-01-01
UAE_297,P_UAE_297_2,Retail,1431,954,2022-01-01
UAE_297,P_UAE_297_3,Retail,3271,1568,2022-01-01
UAE_298,P_UAE_298_1,Retail,1602,934,2022-01-01
UAE_298,P_UAE_298_2,Retail,1148,724,2022-01-01
UAE_298,P_UAE_298_3,Retail,467,314,2022-01-01
UAE_299,P_UAE_299_1,Retail,1957,1132,2022-01-01
UAE_299,P_UAE_299_2,Retail,1937,707,2022-01-01
UAE_299,P_UAE_299_3,Retail,956,546,2022-01-01
UAE_299,P_UAE_299_4,Retail,604,378,2022-01-01
UAE_300,P_UAE_300_1,Retail,496,203,2022-01-01
UAE_300,P_UAE_300_2,Retail,3354,1785,2022-01-01
UAE_300,P_UAE_300_3,Retail,2762,1532,2022-01-01
UAE_301,P_UAE_301_1,Services,956,431,2022-01-01
UAE_301,P_UAE_301_2,Services,1921,1157,2022-01-01
UAE_301,P_UAE_301_3,Services,1915,1073,2022-01-01
UAE_302,P_UAE_302_1,Retail,2287,1242,2022-01-01
UAE_302,P_UAE_302_2,Retail,1471,606,2022-01-01
UAE_302,P_UAE_302_3,Retail,1794,1036,2022-01-01
UAE_302,P_UAE_302_4,Retail,1803,643,2022-01-01
UAE_303,P_UAE_303_1,Retail,3241,2206,2022-01-01
UAE_303,P_UAE_303_2,Retail,2507,927,2022-01-01
UAE_304,P_UAE_304_1,Retail,164,59,2022-01-01
UAE_304,P_UAE_304_2,Retail,238,162,2022-01-01
UAE_304,P_UAE_304_3,Retail,2499,1506,2022-01-01
UAE_304,P_UAE_304_4,Retail,246,128,2022-01-01
UAE_305,P_UAE_305_1,Retail,3182,1159,2022-01-01
UAE_305,P_UAE_305_2,Retail,2209,1296,2022-01-01
UAE_305,P_UAE_305_3,Retail,3162,1257,2022-01-01
UAE_305,P_UAE_305_4,Retail,1532,810,2022-01-01
UAE_306,P_UAE_306_1,Retail,526,194,2022-01-01
UAE_306,P_UAE_306_2,Retail,2926,1228,2022-01-01
UAE_306,P_UAE_306_3,Retail,443,235,2022-01-01
UAE_307,P_UAE_307_1,Retail,708,325,2022-01-01
UAE_307,P_UAE_307_2,Retail,975,504,2022-01-01
UAE_308,P_UAE_308_1,Retail,4361,2200,2022-01-01
UAE_308,P_UAE_308_2,Retail,2019,1009,2022-01-01
UAE_309,P_UAE_309_1,Retail,10258,4620,2022-01-01
UAE_309,P_UAE_309_2,Retail,2972,1057,2022-01-01
UAE_310,P_UAE_310_1,Retail,2471,1248,2022-01-01
UAE_310,P_UAE_310_2,Retail,1887,766,2022-01-01
UAE_310,P_UAE_310_3,Retail,1457,1014,2022-01-01
UAE_310,P_UAE_310_4,Retail,1869,783,2022-01-01
UAE_311,P_UAE_311_1,Retail,2148,1220,2022-01-01
UAE_311,P_UAE_311_2,Retail,1430,937,2022-01-01
UAE_312,P_UAE_312_1,Retail,529,319,2022-01-01
UAE_312,P_UAE_312_2,Retail,2182,1287,2022-01-01
UAE_312,P_UAE_312_3,Retail,1096,675,2022-01-01
UAE_313,P_UAE_313_1,Retail,1405,716,2022-01-01
UAE_313,P_UAE_313_2,Retail,1398,848,2022-01-01
UAE_313,P_UAE_313_3,Retail,220,88,2022-01-01
UAE_314,P_UAE_314_1,Retail,7511,2703,2022-01-01
UAE_314,P_UAE_314_2,Retail,6701,3178,2022-01-01
UAE_315,P_UAE_315_1,Retail,546,340,2022-01-01
UAE_315,P_UAE_315_2,Retail,1841,1170,2022-01-01
UAE_315,P_UAE_315_3,Retail,2260,1517,2022-01-01
UAE_315,P_UAE_315_4,Retail,1999,1027,2022-01-01
UAE_316,P_UAE_316_1,Retail,16040,8147,2022-01-01
UAE_316,P_UAE_316_2,Retail,10745,4290,2022-01-01
UAE_316,P_UAE_316_3,Retail,16913,6977,2022-01-01
UAE_316,P_UAE_316_4,Retail,17773,11403,2022-01-01
UAE_317,P_UAE_317_1,Services,1058,714,2022-01-01
UAE_317,P_UAE_317_2,Services,1927,1122,2022-01-01
UAE_317,P_UAE_317_3,Services,1488,631,2022-01-01
UAE_318,P_UAE_318_1,Retail,976,492,2022-01-01
UAE_318,P_UAE_318_2,Retail,1274,882,2022-01-01
UAE_318,P_UAE_318_3,Retail,1387,584,2022-01-01
UAE_318,P_UAE_318_4,Retail,166,87,2022-01-01
UAE_319,P_UAE_319_1,Retail,1541,1004,2022-01-01
UAE_319,P_UAE_319_2,Retail,228,141,2022-01-01
UAE_319,P_UAE_319_3,Retail,1261,586,2022-01-01
UAE_319,P_UAE_319_4,Retail,4104,1824,2022-01-01
UAE_320,P_UAE_320_1,Retail,498,218,2022-01-01
UAE_320,P_UAE_320_2,Retail,1210,469,2022-01-01
UAE_320,P_UAE_320_3,Retail,2283,1055,2022-01-01
UAE_321,P_UAE_321_1,Retail,3993,2022,2022-01-01
UAE_321,P_UAE_321_2,Retail,1096,673,2022-01-01
UAE_321,P_UAE_321_3,Retail,3304,1234,2022-01-01
UAE_321,P_UAE_321_4,Retail,3120,1380,2022-01-01
UAE_322,P_UAE_322_1,Retail,2028,871,2022-01-01
UAE_322,P_UAE_322_2,Retail,2376,906,2022-01-01
UAE_322,P_UAE_322_3,Retail,2353,1172,2022-01-01
UAE_323,P_UAE_323_1,Manufacturing,2212,959,2022-01-01
UAE_323,P_UAE_323_2,Manufacturing,390,241,2022-01-01
UAE_324,P_UAE_324_1,Retail,2064,1438,2022-01-01
UAE_324,P_UAE_324_2,Retail,2519,1672,2022-01-01
UAE_324,P_UAE_324_3,Retail,976,440,2022-01-01
UAE_325,P_UAE_325_1,Retail,1786,992,2022-01-01
UAE_325,P_UAE_325_2,Retail,3741,1613,2022-01-01
UAE_326,P_UAE_326_1,Retail,838,478,2022-01-01
UAE_326,P_UAE_326_2,Retail,845,502,2022-01-01
UAE_326,P_UAE_326_3,Retail,990,424,2022-01-01
UAE_327,P_UAE_327_1,Retail,700,292,2022-01-01
UAE_327,P_UAE_327_2,Retail,1108,598,2022-01-01
UAE_327,P_UAE_327_3,Retail,1381,487,2022-01-01
UAE_327,P_UAE_327_4,Retail,1214,510,2022-01-01
UAE_328,P_UAE_328_1,Retail,2237,987,2022-01-01
UAE_328,P_UAE_328_2,Retail,2687,1029,2022-01-01
UAE_328,P_UAE_328_3,Retail,258,121,2022-01-01
UAE_328,P_UAE_328_4,Retail,2552,900,2022-01-01
UAE_329,P_UAE_329_1,Retail,7276,3720,2022-01-01
UAE_329,P_UAE_329_2,Retail,3141,1637,2022-01-01
UAE_329,P_UAE_329_3,Retail,3319,1177,2022-01-01
UAE_330,P_UAE_330_1,Retail,1347,559,2022-01-01
UAE_330,P_UAE_330_2,Retail,925,527,2022-01-01
UAE_330,P_UAE_330_3,Retail,2211,1261,2022-01-01
UAE_330,P_UAE_330_4,Retail,1704,610,2022-01-01
UAE_331,P_UAE_331_1,Retail,997,442,2022-01-01
UAE_331,P_UAE_331_2,Retail,2349,1375,2022-01-01
UAE_332,P_UAE_332_1,Retail,14146,6001,2022-01-01
UAE_332,P_UAE_332_2,Retail,6912,4321,2022-01-01
UAE_332,P_UAE_332_3,Retail,15071,9471,2022-01-01
UAE_333,P_UAE_333_1,Retail,61293,22686,2022-01-01
UAE_333,P_UAE_333_2,Retail,45084,24340,2022-01-01
UAE_333,P_UAE_333_3,Retail,35542,18336,2022-01-01
UAE_334,P_UAE_334_1,Services,2705,1325,2022-01-01
UAE_334,P_UAE_334_2,Services,2184,797,2022-01-01
UAE_334,P_UAE_334_3,Services,8069,5364,2022-01-01
UAE_335,P_UAE_335_1,Retail,594,277,2022-01-01
UAE_335,P_UAE_335_2,Retail,1412,542,2022-01-01
UAE_335,P_UAE_335_3,Retail,2571,1264,2022-01-01
UAE_336,P_UAE_336_1,Services,2831,1557,2022-01-01
UAE_336,P_UAE_336_2,Services,2484,1465,2022-01-01
UAE_336,P_UAE_336_3,Services,267,94,2022-01-01
UAE_336,P_UAE_336_4,Services,2830,1954,2022-01-01
UAE_337,P_UAE_337_1,Retail,1943,1229,2022-01-01
UAE_337,P_UAE_337_2,Retail,371,167,2022-01-01
UAE_338,P_UAE_338_1,Retail,2421,875,2022-01-01
UAE_338,P_UAE_338_2,Retail,1269,562,2022-01-01
UAE_339,P_UAE_339_1,Retail,2492,1051,2022-01-01
UAE_339,P_UAE_339_2,Retail,1925,983,2022-01-01
UAE_339,P_UAE_339_3,Retail,3971,2165,2022-01-01
UAE_340,P_UAE_340_1,Manufacturing,1867,1016,2022-01-01
UAE_340,P_UAE_340_2,Manufacturing,3321,1677,2022-01-01
UAE_340,P_UAE_340_3,Manufacturing,1234,833,2022-01-01
UAE_341,P_UAE_341_1,Services,481,312,2022-01-01
UAE_341,P_UAE_341_2,Services,1867,1282,2022-01-01
UAE_341,P_UAE_341_3,Services,913,523,2022-01-01
UAE_342,P_UAE_342_1,Retail,503,311,2022-01-01
UAE_342,P_UAE_342_2,Retail,688,411,2022-01-01
UAE_342,P_UAE_342_3,Retail,256,143,2022-01-01
UAE_342,P_UAE_342_4,Retail,2173,1339,2022-01-01
UAE_343,P_UAE_343_1,Services,15742,10955,2022-01-01
UAE_343,P_UAE_343_2,Services,8380,3285,2022-01-01
UAE_343,P_UAE_343_3,Services,8663,3979,2022-01-01
UAE_344,P_UAE_344_1,Manufacturing,1747,646,2022-01-01
UAE_344,P_UAE_344_2,Manufacturing,2230,1547,2022-01-01
UAE_344,P_UAE_344_3,Manufacturing,1944,1143,2022-01-01
UAE_344,P_UAE_344_4,Manufacturing,3605,1456,2022-01-01
UAE_345,P_UAE_345_1,Retail,2894,1541,2022-01-01
UAE_345,P_UAE_345_2,Retail,3281,1877,2022-01-01
UAE_345,P_UAE_345_3,Retail,977,621,2022-01-01
UAE_345,P_UAE_345_4,Retail,2095,1183,2022-01-01
UAE_346,P_UAE_346_1,Retail,948,567,2022-01-01
UAE_346,P_UAE_346_2,Retail,1690,1016,2022-01-01
UAE_347,P_UAE_347_1,Retail,3349,1610,2022-01-01
UAE_347,P_UAE_347_2,Retail,4057,2713,2022-01-01
UAE_348,P_UAE_348_1,Services,2357,1612,2022-01-01
UAE_348,P_UAE_348_2,Services,2723,1408,2022-01-01
UAE_348,P_UAE_348_3,Services,4342,2229,2022-01-01
UAE_348,P_UAE_348_4,Services,768,269,2022-01-01
UAE_349,P_UAE_349_1,Retail,1140,504,2022-01-01
UAE_349,P_UAE_349_2,Retail,3181,1498,2022-01-01
UAE_349,P_UAE_349_3,Retail,344,131,2022-01-01
UAE_350,P_UAE_350_1,Manufacturing,802,414,2022-01-01
UAE_350,P_UAE_350_2,Manufacturing,275,180,2022-01-01
UAE_350,P_UAE_350_3,Manufacturing,1678,1120,2022-01-01
UAE_350,P_UAE_350_4,Manufacturing,1558,789,2022-01-01
UAE_351,P_UAE_351_1,Retail,19867,13517,2022-01-01
UAE_351,P_UAE_351_2,Retail,9624,4715,2022-01-01
UAE_351,P_UAE_351_3,Retail,16255,8575,2022-01-01
UAE_351,P_UAE_351_4,Retail,42785,23681,2022-01-01
UAE_352,P_UAE_352_1,Manufacturing,513,203,2022-01-01
UAE_352,P_UAE_352_2,Manufacturing,1337,667,2022-01-01
UAE_353,P_UAE_353_1,Retail,3606,2363,2022-01-01
UAE_353,P_UAE_353_2,Retail,3900,1530,2022-01-01
UAE_353,P_UAE_353_3,Retail,3309,1789,2022-01-01
UAE_353,P_UAE_353_4,Retail,2802,1656,2022-01-01
UAE_354,P_UAE_354_1,Retail,1508,550,2022-01-01
UAE_354,P_UAE_354_2,Retail,1904,813,2022-01-01
UAE_355,P_UAE_355_1,Services,6910,2922,2022-01-01
UAE_355,P_UAE_355_2,Services,3426,2010,2022-01-01
UAE_356,P_UAE_356_1,Services,5109,2893,2022-01-01
UAE_356,P_UAE_356_2,Services,17494,7269,2022-01-01
UAE_357,P_UAE_357_1,Retail,2372,1224,2022-01-01
UAE_357,P_UAE_357_2,Retail,628,392,2022-01-01
UAE_358,P_UAE_358_1,Retail,4654,2919,2022-01-01
UAE_358,P_UAE_358_2,Retail,9992,6109,2022-01-01
UAE_358,P_UAE_358_3,Retail,12066,6001,2022-01-01
UAE_359,P_UAE_359_1,Retail,2099,941,2022-01-01
UAE_359,P_UAE_359_2,Retail,710,470,2022-01-01
UAE_359,P_UAE_359_3,Retail,3198,1868,2022-01-01
UAE_360,P_UAE_360_1,Manufacturing,1787,659,2022-01-01
UAE_360,P_UAE_360_2,Manufacturing,2046,1250,2022-01-01
UAE_361,P_UAE_361_1,Retail,2802,1467,2022-01-01
UAE_361,P_UAE_361_2,Retail,462,226,2022-01-01
UAE_362,P_UAE_362_1,Retail,7628,2702,2022-01-01
UAE_362,P_UAE_362_2,Retail,9481,5762,2022-01-01
UAE_362,P_UAE_362_3,Retail,9476,5053,2022-01-01
UAE_362,P_UAE_362_4,Retail,9167,4571,2022-01-01
UAE_363,P_UAE_363_1,Retail,2040,813,2022-01-01
UAE_363,P_UAE_363_2,Retail,829,328,2022-01-01
UAE_363,P_UAE_363_3,Retail,1590,802,2022-01-01
UAE_364,P_UAE_364_1,Retail,10148,6067,2022-01-01
UAE_364,P_UAE_364_2,Retail,7332,4114,2022-01-01
UAE_364,P_UAE_364_3,Retail,2152,970,2022-01-01
UAE_365,P_UAE_365_1,Retail,284,166,2022-01-01
UAE_365,P_UAE_365_2,Retail,3387,1507,2022-01-01
UAE_365,P_UAE_365_3,Retail,4366,2366,2022-01-01
UAE_366,P_UAE_366_1,Manufacturing,3585,1423,2022-01-01
UAE_366,P_UAE_366_2,Manufacturing,1098,738,2022-01-01
UAE_366,P_UAE_366_3,Manufacturing,397,197,2022-01-01
UAE_366,P_UAE_366_4,Manufacturing,2159,1034,2022-01-01
UAE_367,P_UAE_367_1,Manufacturing,2454,1001,2022-01-01
UAE_367,P_UAE_367_2,Manufacturing,391,199,2022-01-01
UAE_368,P_UAE_368_1,Retail,65045,33960,2022-01-01
UAE_368,P_UAE_368_2,Retail,50360,27042,2022-01-01
UAE_369,P_UAE_369_1,Retail,239,122,2022-01-01
UAE_369,P_UAE_369_2,Retail,2375,1128,2022-01-01
UAE_369,P_UAE_369_3,Retail,283,147,2022-01-01
UAE_369,P_UAE_369_4,Retail,2244,1531,2022-01-01
UAE_370,P_UAE_370_1,Retail,1283,526,2022-01-01
UAE_370,P_UAE_370_2,Retail,850,388,2022-01-01
UAE_371,P_UAE_371_1,Manufacturing,7217,3504,2022-01-01
UAE_371,P_UAE_371_2,Manufacturing,2837,1731,2022-01-01
UAE_371,P_UAE_371_3,Manufacturing,7335,4062,2022-01-01
UAE_372,P_UAE_372_1,Retail,3937,2224,2022-01-01
UAE_372,P_UAE_372_2,Retail,6587,3890,2022-01-01
UAE_372,P_UAE_372_3,Retail,8225,5487,2022-01-01
UAE_372,P_UAE_372_4,Retail,3788,1670,2022-01-01
UAE_373,P_UAE_373_1,Retail,7946,2974,2022-01-01
UAE_373,P_UAE_373_2,Retail,4965,1967,2022-01-01
UAE_373,P_UAE_373_3,Retail,9238,5311,2022-01-01
UAE_373,P_UAE_373_4,Retail,7813,2912,2022-01-01
UAE_374,P_UAE_374_1,Retail,500,348,2022-01-01
UAE_374,P_UAE_374_2,Retail,963,531,2022-01-01
UAE_374,P_UAE_374_3,Retail,731,499,2022-01-01
UAE_375,P_UAE_375_1,Services,956,337,2022-01-01
UAE_375,P_UAE_375_2,Services,1590,1021,2022-01-01
UAE_375,P_UAE_375_3,Services,2368,1418,2022-01-01
UAE_376,P_UAE_376_1,Manufacturing,5801,2888,2022-01-01
UAE_376,P_UAE_376_2,Manufacturing,2474,1321,2022-01-01
UAE_376,P_UAE_376_3,Manufacturing,3447,1409,2022-01-01
UAE_377,P_UAE_377_1,Retail,15570,9915,2022-01-01
UAE_377,P_UAE_377_2,Retail,12280,5550,2022-01-01
UAE_377,P_UAE_377_3,Retail,20155,12752,2022-01-01
UAE_378,P_UAE_378_1,Retail,546,301,2022-01-01
UAE_378,P_UAE_378_2,Retail,653,330,2022-01-01
UAE_379,P_UAE_379_1,Retail,1154,458,2022-01-01
UAE_379,P_UAE_379_2,Retail,2117,1035,2022-01-01
UAE_380,P_UAE_380_1,Retail,659,441,2022-01-01
UAE_380,P_UAE_380_2,Retail,3215,1160,2022-01-01
UAE_381,P_UAE_381_1,Retail,3399,1803,2022-01-01
UAE_381,P_UAE_381_2,Retail,1931,703,2022-01-01
UAE_381,P_UAE_381_3,Retail,4954,3369,2022-01-01
UAE_382,P_UAE_382_1,Retail,1784,1171,2022-01-01
UAE_382,P_UAE_382_2,Retail,2012,1331,2022-01-01
UAE_382,P_UAE_382_3,Retail,651,252,2022-01-01
UAE_382,P_UAE_382_4,Retail,2297,1415,2022-01-01
UAE_383,P_UAE_383_1,Retail,7647,4180,2022-01-01
UAE_383,P_UAE_383_2,Retail,13975,5822,2022-01-01
UAE_384,P_UAE_384_1,Manufacturing,1618,643,2022-01-01
UAE_384,P_UAE_384_2,Manufacturing,109,62,2022-01-01
UAE_384,P_UAE_384_3,Manufacturing,1904,1100,2022-01-01
UAE_385,P_UAE_385_1,Manufacturing,3363,2092,2022-01-01
UAE_385,P_UAE_385_2,Manufacturing,648,279,2022-01-01
UAE_385,P_UAE_385_3,Manufacturing,2865,1287,2022-01-01
UAE_385,P_UAE_385_4,Manufacturing,2316,966,2022-01-01
UAE_386,P_UAE_386_1,Manufacturing,1738,852,2022-01-01
UAE_386,P_UAE_386_2,Manufacturing,1736,735,2022-01-01
UAE_386,P_UAE_386_3,Manufacturing,504,242,2022-01-01
UAE_386,P_UAE_386_4,Manufacturing,166,69,2022-01-01
UAE_387,P_UAE_387_1,Retail,250,141,2022-01-01
UAE_387,P_UAE_387_2,Retail,498,243,2022-01-01
UAE_387,P_UAE_387_3,Retail,1790,1222,2022-01-01
UAE_388,P_UAE_388_1,Manufacturing,946,593,2022-01-01
UAE_388,P_UAE_388_2,Manufacturing,1712,1102,2022-01-01
UAE_388,P_UAE_388_3,Manufacturing,1761,1009,2022-01-01
UAE_388,P_UAE_388_4,Manufacturing,2455,1468,2022-01-01
UAE_389,P_UAE_389_1,Retail,6555,2732,2022-01-01
UAE_389,P_UAE_389_2,Retail,5136,3416,2022-01-01
UAE_389,P_UAE_389_3,Retail,7210,4665,2022-01-01
UAE_390,P_UAE_390_1,Retail,580,288,2022-01-01
UAE_390,P_UAE_390_2,Retail,2392,925,2022-01-01
UAE_390,P_UAE_390_3,Retail,999,404,2022-01-01
UAE_391,P_UAE_391_1,Retail,253,122,2022-01-01
UAE_391,P_UAE_391_2,Retail,2316,999,2022-01-01
UAE_391,P_UAE_391_3,Retail,997,654,2022-01-01
UAE_392,P_UAE_392_1,Services,744,329,2022-01-01
UAE_392,P_UAE_392_2,Services,3112,1991,2022-01-01
UAE_392,P_UAE_392_3,Services,2998,1609,2022-01-01
UAE_393,P_UAE_393_1,Retail,2280,921,2022-01-01
UAE_393,P_UAE_393_2,Retail,3866,2010,2022-01-01
UAE_394,P_UAE_394_1,Services,350,217,2022-01-01
UAE_394,P_UAE_394_2,Services,870,513,2022-01-01
UAE_394,P_UAE_394_3,Services,537,192,2022-01-01
UAE_394,P_UAE_394_4,Services,1493,796,2022-01-01
UAE_395,P_UAE_395_1,Retail,3165,1911,2022-01-01
UAE_395,P_UAE_395_2,Retail,1829,1179,2022-01-01
UAE_395,P_UAE_395_3,Retail,709,320,2022-01-01
UAE_396,P_UAE_396_1,Retail,21178,8829,2022-01-01
UAE_396,P_UAE_396_2,Retail,3002,1166,2022-01-01
UAE_396,P_UAE_396_3,Retail,4184,2720,2022-01-01
UAE_397,P_UAE_397_1,Services,167,99,2022-01-01
UAE_397,P_UAE_397_2,Services,2412,946,2022-01-01
UAE_397,P_UAE_397_3,Services,1179,451,2022-01-01
UAE_397,P_UAE_397_4,Services,2220,1498,2022-01-01
UAE_398,P_UAE_398_1,Retail,5192,2642,2022-01-01
UAE_398,P_UAE_398_2,Retail,2237,1415,2022-01-01
UAE_398,P_UAE_398_3,Retail,9080,5061,2022-01-01
UAE_398,P_UAE_398_4,Retail,16251,6782,2022-01-01
UAE_399,P_UAE_399_1,Retail,2472,1379,2022-01-01
UAE_399,P_UAE_399_2,Retail,1486,925,2022-01-01
UAE_399,P_UAE_399_3,Retail,485,170,2022-01-01
UAE_399,P_UAE_399_4,Retail,659,360,2022-01-01
UAE_400,P_UAE_400_1,Retail,61407,24666,2022-01-01
UAE_400,P_UAE_400_2,Retail,35493,22500,2022-01-01
UAE_401,P_UAE_401_1,Services,1649,1021,2022-01-01
UAE_401,P_UAE_401_2,Services,1765,655,2022-01-01
UAE_401,P_UAE_401_3,Services,1072,455,2022-01-01
UAE_401,P_UAE_401_4,Services,1266,815,2022-01-01
UAE_402,P_UAE_402_1,Retail,1774,1185,2022-01-01
UAE_402,P_UAE_402_2,Retail,1742,1200,2022-01-01
UAE_402,P_UAE_402_3,Retail,2251,1046,2022-01-01
UAE_403,P_UAE_403_1,Retail,445,288,2022-01-01
UAE_403,P_UAE_403_2,Retail,1875,1065,2022-01-01
UAE_403,P_UAE_403_3,Retail,1686,1063,2022-01-01
UAE_404,P_UAE_404_1,Retail,1410,921,2022-01-01
UAE_404,P_UAE_404_2,Retail,725,372,2022-01-01
UAE_404,P_UAE_404_3,Retail,1576,640,2022-01-01
UAE_405,P_UAE_405_1,Retail,3774,1329,2022-01-01
UAE_405,P_UAE_405_2,Retail,2362,1548,2022-01-01
UAE_405,P_UAE_405_3,Retail,1030,492,2022-01-01
UAE_406,P_UAE_406_1,Retail,12221,4752,2022-01-01
UAE_406,P_UAE_406_2,Retail,2728,1382,2022-01-01
UAE_407,P_UAE_407_1,Retail,4022,1457,2022-01-01
UAE_407,P_UAE_407_2,Retail,3062,2067,2022-01-01
UAE_407,P_UAE_407_3,Retail,3023,1510,2022-01-01
UAE_407,P_UAE_407_4,Retail,3307,1283,2022-01-01
UAE_408,P_UAE_408_1,Services,2305,1582,2022-01-01
UAE_408,P_UAE_408_2,Services,2156,1400,2022-01-01
UAE_409,P_UAE_409_1,Services,203,106,2022-01-01
UAE_409,P_UAE_409_2,Services,1047,650,2022-01-01
UAE_409,P_UAE_409_3,Services,515,180,2022-01-01
UAE_409,P_UAE_409_4,Services,864,331,2022-01-01
UAE_410,P_UAE_410_1,Retail,2149,1124,2022-01-01
UAE_410,P_UAE_410_2,Retail,763,363,2022-01-01
UAE_410,P_UAE_410_3,Retail,2314,1445,2022-01-01
UAE_411,P_UAE_411_1,Retail,16095,6169,2022-01-01
UAE_411,P_UAE_411_2,Retail,14879,7510,2022-01-01
UAE_412,P_UAE_412_1,Retail,556,206,2022-01-01
UAE_412,P_UAE_412_2,Retail,572,327,2022-01-01
UAE_412,P_UAE_412_3,Retail,2313,878,2022-01-01
UAE_412,P_UAE_412_4,Retail,712,310,2022-01-01
UAE_413,P_UAE_413_1,Retail,699,313,2022-01-01
UAE_413,P_UAE_413_2,Retail,2043,1285,2022-01-01
UAE_414,P_UAE_414_1,Retail,252,111,2022-01-01
UAE_414,P_UAE_414_2,Retail,1252,751,2022-01-01
UAE_414,P_UAE_414_3,Retail,1490,958,2022-01-01
UAE_415,P_UAE_415_1,Retail,2042,1041,2022-01-01
UAE_415,P_UAE_415_2,Retail,2290,835,2022-01-01
UAE_415,P_UAE_415_3,Retail,114,50,2022-01-01
UAE_415,P_UAE_415_4,Retail,998,594,2022-01-01
UAE_416,P_UAE_416_1,Retail,1689,1043,2022-01-01
UAE_416,P_UAE_416_2,Retail,462,173,2022-01-01
UAE_417,P_UAE_417_1,Retail,4180,2127,2022-01-01
UAE_417,P_UAE_417_2,Retail,5575,2241,2022-01-01
UAE_417,P_UAE_417_3,Retail,7185,3555,2022-01-01
UAE_418,P_UAE_418_1,Retail,866,379,2022-01-01
UAE_418,P_UAE_418_2,Retail,854,591,2022-01-01
UAE_418,P_UAE_418_3,Retail,955,456,2022-01-01
UAE_419,P_UAE_419_1,Retail,1643,795,2022-01-01
UAE_419,P_UAE_419_2,Retail,2354,890,2022-01-01
UAE_419,P_UAE_419_3,Retail,1879,980,2022-01-01
UAE_420,P_UAE_420_1,Retail,1855,827,2022-01-01
UAE_420,P_UAE_420_2,Retail,2290,1220,2022-01-01
UAE_421,P_UAE_421_1,Retail,257,122,2022-01-01
UAE_421,P_UAE_421_2,Retail,2387,1172,2022-01-01
UAE_421,P_UAE_421_3,Retail,1053,412,2022-01-01
UAE_422,P_UAE_422_1,Retail,12539,8486,2022-01-01
UAE_422,P_UAE_422_2,Retail,18324,10392,2022-01-01
UAE_422,P_UAE_422_3,Retail,14079,6367,2022-01-01
UAE_423,P_UAE_423_1,Retail,1161,497,2022-01-01
UAE_423,P_UAE_423_2,Retail,3278,1801,2022-01-01
UAE_423,P_UAE_423_3,Retail,3555,1572,2022-01-01
UAE_423,P_UAE_423_4,Retail,3692,2360,2022-01-01
UAE_424,P_UAE_424_1,Retail,3530,2293,2022-01-01
UAE_424,P_UAE_424_2,Retail,1504,750,2022-01-01
UAE_424,P_UAE_424_3,Retail,1167,736,2022-01-01
UAE_424,P_UAE_424_4,Retail,2929,1368,2022-01-01
UAE_425,P_UAE_425_1,Retail,1949,796,2022-01-01
UAE_425,P_UAE_425_2,Retail,818,498,2022-01-01
UAE_425,P_UAE_425_3,Retail,2239,1410,2022-01-01
UAE_426,P_UAE_426_1,Retail,2295,876,2022-01-01
UAE_426,P_UAE_426_2,Retail,1517,594,2022-01-01
UAE_426,P_UAE_426_3,Retail,3599,1907,2022-01-01
UAE_426,P_UAE_426_4,Retail,831,525,2022-01-01
UAE_427,P_UAE_427_1,Services,5644,3020,2022-01-01
UAE_427,P_UAE_427_2,Services,11554,4333,2022-01-01
UAE_427,P_UAE_427_3,Services,6743,2545,2022-01-01
UAE_428,P_UAE_428_1,Retail,720,433,2022-01-01
UAE_428,P_UAE_428_2,Retail,4347,2504,2022-01-01
UAE_429,P_UAE_429_1,Retail,3435,2225,2022-01-01
UAE_429,P_UAE_429_2,Retail,3298,1725,2022-01-01
UAE_429,P_UAE_429_3,Retail,1087,702,2022-01-01
UAE_430,P_UAE_430_1,Retail,1351,614,2022-01-01
UAE_430,P_UAE_430_2,Retail,412,169,2022-01-01
UAE_430,P_UAE_430_3,Retail,3200,1543,2022-01-01
UAE_430,P_UAE_430_4,Retail,2090,765,2022-01-01
UAE_431,P_UAE_431_1,Retail,12970,5394,2022-01-01
UAE_431,P_UAE_431_2,Retail,4072,2373,2022-01-01
UAE_432,P_UAE_432_1,Retail,497,331,2022-01-01
UAE_432,P_UAE_432_2,Retail,1174,594,2022-01-01
UAE_432,P_UAE_432_3,Retail,152,61,2022-01-01
UAE_432,P_UAE_432_4,Retail,2103,950,2022-01-01
UAE_433,P_UAE_433_1,Retail,8566,5422,2022-01-01
UAE_433,P_UAE_433_2,Retail,1909,1243,2022-01-01
UAE_434,P_UAE_434_1,Retail,2420,1607,2022-01-01
UAE_434,P_UAE_434_2,Retail,4103,1987,2022-01-01
UAE_434,P_UAE_434_3,Retail,1179,813,2022-01-01
UAE_435,P_UAE_435_1,Retail,7911,5500,2022-01-01
UAE_435,P_UAE_435_2,Retail,574,232,2022-01-01
UAE_436,P_UAE_436_1,Manufacturing,2265,1286,2022-01-01
UAE_436,P_UAE_436_2,Manufacturing,2354,924,2022-01-01
UAE_437,P_UAE_437_1,Retail,2385,1086,2022-01-01
UAE_437,P_UAE_437_2,Retail,2272,1351,2022-01-01
UAE_437,P_UAE_437_3,Retail,1204,577,2022-01-01
UAE_437,P_UAE_437_4,Retail,389,146,2022-01-01
UAE_438,P_UAE_438_1,Retail,39401,21077,2022-01-01
UAE_438,P_UAE_438_2,Retail,74147,32875,2022-01-01
UAE_438,P_UAE_438_3,Retail,21104,12996,2022-01-01
UAE_439,P_UAE_439_1,Retail,1172,498,2022-01-01
UAE_439,P_UAE_439_2,Retail,2357,1128,2022-01-01
UAE_439,P_UAE_439_3,Retail,1935,1054,2022-01-01
UAE_440,P_UAE_440_1,Retail,824,496,2022-01-01
UAE_440,P_UAE_440_2,Retail,1712,832,2022-01-01
UAE_440,P_UAE_440_3,Retail,1201,711,2022-01-01
UAE_440,P_UAE_440_4,Retail,373,229,2022-01-01
UAE_441,P_UAE_441_1,Services,6506,3678,2022-01-01
UAE_441,P_UAE_441_2,Services,17819,10135,2022-01-01
UAE_442,P_UAE_442_1,Retail,1739,860,2022-01-01
UAE_442,P_UAE_442_2,Retail,1617,814,2022-01-01
UAE_442,P_UAE_442_3,Retail,1395,582,2022-01-01
UAE_443,P_UAE_443_1,Retail,31993,21669,2022-01-01
UAE_443,P_UAE_443_2,Retail,30677,21251,2022-01-01
UAE_443,P_UAE_443_3,Retail,44806,20423,2022-01-01
UAE_444,P_UAE_444_1,Retail,13785,9541,2022-01-01
UAE_444,P_UAE_444_2,Retail,12083,8133,2022-01-01
UAE_444,P_UAE_444_3,Retail,10135,5101,2022-01-01
UAE_445,P_UAE_445_1,Retail,1788,663,2022-01-01
UAE_445,P_UAE_445_2,Retail,1002,385,2022-01-01
UAE_445,P_UAE_445_3,Retail,1657,944,2022-01-01
UAE_446,P_UAE_446_1,Manufacturing,927,371,2022-01-01
UAE_446,P_UAE_446_2,Manufacturing,1913,848,2022-01-01
UAE_447,P_UAE_447_1,Manufacturing,1998,1072,2022-01-01
UAE_447,P_UAE_447_2,Manufacturing,2102,956,2022-01-01
UAE_447,P_UAE_447_3,Manufacturing,958,518,2022-01-01
UAE_447,P_UAE_447_4,Manufacturing,965,603,2022-01-01
UAE_448,P_UAE_448_1,Retail,1417,869,2022-01-01
UAE_448,P_UAE_448_2,Retail,404,169,2022-01-01
UAE_449,P_UAE_449_1,Services,1958,1278,2022-01-01
UAE_449,P_UAE_449_2,Services,400,248,2022-01-01
UAE_450,P_UAE_450_1,Retail,3154,2019,2022-01-01
UAE_450,P_UAE_450_2,Retail,3628,2111,2022-01-01
UAE_450,P_UAE_450_3,Retail,238,107,2022-01-01
UAE_450,P_UAE_450_4,Retail,200,121,2022-01-01
UAE_451,P_UAE_451_1,Retail,2295,1441,2022-01-01
UAE_451,P_UAE_451_2,Retail,472,187,2022-01-01
UAE_451,P_UAE_451_3,Retail,3398,1471,2022-01-01
UAE_451,P_UAE_451_4,Retail,2147,879,2022-01-01
UAE_452,P_UAE_452_1,Manufacturing,1907,688,2022-01-01
UAE_452,P_UAE_452_2,Manufacturing,1392,967,2022-01-01
UAE_453,P_UAE_453_1,Retail,1546,701,2022-01-01
UAE_453,P_UAE_453_2,Retail,803,289,2022-01-01
UAE_453,P_UAE_453_3,Retail,240,149,2022-01-01
UAE_453,P_UAE_453_4,Retail,902,481,2022-01-01
UAE_454,P_UAE_454_1,Manufacturing,2369,1203,2022-01-01
UAE_454,P_UAE_454_2,Manufacturing,2284,916,2022-01-01
UAE_454,P_UAE_454_3,Manufacturing,932,398,2022-01-01
UAE_454,P_UAE_454_4,Manufacturing,690,395,2022-01-01
UAE_455,P_UAE_455_1,Retail,24536,13173,2022-01-01
UAE_455,P_UAE_455_2,Retail,37319,18998,2022-01-01
UAE_455,P_UAE_455_3,Retail,25381,13942,2022-01-01
UAE_456,P_UAE_456_1,Retail,963,656,2022-01-01
UAE_456,P_UAE_456_2,Retail,2032,1021,2022-01-01
UAE_456,P_UAE_456_3,Retail,1730,1199,2022-01-01
UAE_456,P_UAE_456_4,Retail,1367,877,2022-01-01
UAE_457,P_UAE_457_1,Retail,1940,877,2022-01-01
UAE_457,P_UAE_457_2,Retail,584,284,2022-01-01
UAE_457,P_UAE_457_3,Retail,1288,873,2022-01-01
UAE_458,P_UAE_458_1,Services,2984,1904,2022-01-01
UAE_458,P_UAE_458_2,Services,2999,1077,2022-01-01
UAE_459,P_UAE_459_1,Retail,2313,1356,2022-01-01
UAE_459,P_UAE_459_2,Retail,2227,1108,2022-01-01
UAE_459,P_UAE_459_3,Retail,1758,655,2022-01-01
UAE_460,P_UAE_460_1,Manufacturing,7172,2956,2022-01-01
UAE_460,P_UAE_460_2,Manufacturing,3862,1556,2022-01-01
UAE_461,P_UAE_461_1,Retail,1105,541,2022-01-01
UAE_461,P_UAE_461_2,Retail,279,160,2022-01-01
UAE_461,P_UAE_461_3,Retail,1430,788,2022-01-01
UAE_461,P_UAE_461_4,Retail,1735,869,2022-01-01
UAE_462,P_UAE_462_1,Retail,1320,531,2022-01-01
UAE_462,P_UAE_462_2,Retail,3636,1873,2022-01-01
UAE_462,P_UAE_462_3,Retail,5447,2834,2022-01-01
UAE_463,P_UAE_463_1,Services,1558,585,2022-01-01
UAE_463,P_UAE_463_2,Services,2200,1341,2022-01-01
UAE_463,P_UAE_463_3,Services,1672,812,2022-01-01
UAE_464,P_UAE_464_1,Retail,750,438,2022-01-01
UAE_464,P_UAE_464_2,Retail,1491,573,2022-01-01
UAE_465,P_UAE_465_1,Retail,1310,516,2022-01-01
UAE_465,P_UAE_465_2,Retail,2899,1735,2022-01-01
UAE_465,P_UAE_465_3,Retail,1454,545,2022-01-01
UAE_466,P_UAE_466_1,Retail,12482,7505,2022-01-01
UAE_466,P_UAE_466_2,Retail,4897,2200,2022-01-01
UAE_467,P_UAE_467_1,Retail,1269,676,2022-01-01
UAE_467,P_UAE_467_2,Retail,1444,897,2022-01-01
UAE_467,P_UAE_467_3,Retail,2392,1673,2022-01-01
UAE_467,P_UAE_467_4,Retail,986,455,2022-01-01
UAE_468,P_UAE_468_1,Retail,799,429,2022-01-01
UAE_468,P_UAE_468_2,Retail,2462,1113,2022-01-01
UAE_468,P_UAE_468_3,Retail,144,77,2022-01-01
UAE_468,P_UAE_468_4,Retail,1889,844,2022-01-01
UAE_469,P_UAE_469_1,Manufacturing,856,549,2022-01-01
UAE_469,P_UAE_469_2,Manufacturing,249,112,2022-01-01
UAE_470,P_UAE_470_1,Retail,10296,3728,2022-01-01
UAE_470,P_UAE_470_2,Retail,4279,2284,2022-01-01
UAE_471,P_UAE_471_1,Retail,9954,6076,2022-01-01
UAE_471,P_UAE_471_2,Retail,7445,2979,2022-01-01
UAE_471,P_UAE_471_3,Retail,8154,4247,2022-01-01
UAE_472,P_UAE_472_1,Retail,7339,3751,2022-01-01
UAE_472,P_UAE_472_2,Retail,2691,1225,2022-01-01
UAE_472,P_UAE_472_3,Retail,8763,5458,2022-01-01
UAE_472,P_UAE_472_4,Retail,7299,3780,2022-01-01
UAE_473,P_UAE_473_1,Services,6545,4366,2022-01-01
UAE_473,P_UAE_473_2,Services,3975,1865,2022-01-01
UAE_473,P_UAE_473_3,Services,5119,2463,2022-01-01
UAE_473,P_UAE_473_4,Services,978,564,2022-01-01
UAE_474,P_UAE_474_1,Retail,6143,2949,2022-01-01
UAE_474,P_UAE_474_2,Retail,7602,3548,2022-01-01
UAE_474,P_UAE_474_3,Retail,20105,8826,2022-01-01
UAE_474,P_UAE_474_4,Retail,4789,2593,2022-01-01
UAE_475,P_UAE_475_1,Services,822,329,2022-01-01
UAE_475,P_UAE_475_2,Services,2111,809,2022-01-01
UAE_475,P_UAE_475_3,Services,2332,1057,2022-01-01
UAE_476,P_UAE_476_1,Retail,3956,2224,2022-01-01
UAE_476,P_UAE_476_2,Retail,476,181,2022-01-01
UAE_476,P_UAE_476_3,Retail,1366,792,2022-01-01
UAE_477,P_UAE_477_1,Retail,2155,1450,2022-01-01
UAE_477,P_UAE_477_2,Retail,4549,2623,2022-01-01
UAE_477,P_UAE_477_3,Retail,16748,6007,2022-01-01
UAE_477,P_UAE_477_4,Retail,18780,10849,2022-01-01
UAE_478,P_UAE_478_1,Retail,2411,1178,2022-01-01
UAE_478,P_UAE_478_2,Retail,5601,2762,2022-01-01
UAE_478,P_UAE_478_3,Retail,529,355,2022-01-01
UAE_478,P_UAE_478_4,Retail,3422,1302,2022-01-01
UAE_479,P_UAE_479_1,Manufacturing,1555,563,2022-01-01
UAE_479,P_UAE_479_2,Manufacturing,1984,951,2022-01-01
UAE_479,P_UAE_479_3,Manufacturing,839,515,2022-01-01
UAE_480,P_UAE_480_1,Retail,1264,480,2022-01-01
UAE_480,P_UAE_480_2,Retail,1688,882,2022-01-01
UAE_480,P_UAE_480_3,Retail,1979,817,2022-01-01
UAE_481,P_UAE_481_1,Retail,16768,10246,2022-01-01
UAE_481,P_UAE_481_2,Retail,8916,3533,2022-01-01
UAE_482,P_UAE_482_1,Services,2946,1452,2022-01-01
UAE_482,P_UAE_482_2,Services,3708,1307,2022-01-01
UAE_482,P_UAE_482_3,Services,1391,885,2022-01-01
UAE_482,P_UAE_482_4,Services,3519,1927,2022-01-01
UAE_483,P_UAE_483_1,Retail,1747,1024,2022-01-01
UAE_483,P_UAE_483_2,Retail,449,159,2022-01-01
UAE_483,P_UAE_483_3,Retail,2329,985,2022-01-01
UAE_483,P_UAE_483_4,Retail,2517,1718,2022-01-01
UAE_484,P_UAE_484_1,Retail,2294,1361,2022-01-01
UAE_484,P_UAE_484_2,Retail,1830,1101,2022-01-01
UAE_484,P_UAE_484_3,Retail,2105,1401,2022-01-01
UAE_485,P_UAE_485_1,Services,2712,1554,2022-01-01
UAE_485,P_UAE_485_2,Services,2916,1888,2022-01-01
UAE_486,P_UAE_486_1,Retail,2865,1395,2022-01-01
UAE_486,P_UAE_486_2,Retail,301,189,2022-01-01
UAE_486,P_UAE_486_3,Retail,3414,1343,2022-01-01
UAE_487,P_UAE_487_1,Retail,1457,576,2022-01-01
UAE_487,P_UAE_487_2,Retail,3110,1743,2022-01-01
UAE_487,P_UAE_487_3,Retail,4413,2517,2022-01-01
UAE_487,P_UAE_487_4,Retail,1607,874,2022-01-01
UAE_488,P_UAE_488_1,Services,1833,1217,2022-01-01
UAE_488,P_UAE_488_2,Services,1548,960,2022-01-01
UAE_489,P_UAE_489_1,Retail,1461,985,2022-01-01
UAE_489,P_UAE_489_2,Retail,521,240,2022-01-01
UAE_489,P_UAE_489_3,Retail,2125,1464,2022-01-01
UAE_490,P_UAE_490_1,Retail,2345,1639,2022-01-01
UAE_490,P_UAE_490_2,Retail,1263,807,2022-01-01
UAE_490,P_UAE_490_3,Retail,469,293,2022-01-01
UAE_490,P_UAE_490_4,Retail,1687,791,2022-01-01
UAE_491,P_UAE_491_1,Manufacturing,1283,463,2022-01-01
UAE_491,P_UAE_491_2,Manufacturing,159,74,2022-01-01
UAE_491,P_UAE_491_3,Manufacturing,1312,501,2022-01-01
UAE_491,P_UAE_491_4,Manufacturing,773,304,2022-01-01
UAE_492,P_UAE_492_1,Retail,639,383,2022-01-01
UAE_492,P_UAE_492_2,Retail,1004,588,2022-01-01
UAE_492,P_UAE_492_3,Retail,1276,831,2022-01-01
UAE_492,P_UAE_492_4,Retail,649,388,2022-01-01
UAE_493,P_UAE_493_1,Retail,2331,849,2022-01-01
UAE_493,P_UAE_493_2,Retail,1417,623,2022-01-01
UAE_494,P_UAE_494_1,Services,1684,846,2022-01-01
UAE_494,P_UAE_494_2,Services,3289,2171,2022-01-01
UAE_495,P_UAE_495_1,Retail,1425,833,2022-01-01
UAE_495,P_UAE_495_2,Retail,2108,1446,2022-01-01
UAE_495,P_UAE_495_3,Retail,1121,416,2022-01-01
UAE_495,P_UAE_495_4,Retail,1026,470,2022-01-01
UAE_496,P_UAE_496_1,Retail,961,552,2022-01-01
UAE_496,P_UAE_496_2,Retail,3276,1618,2022-01-01
UAE_496,P_UAE_496_3,Retail,531,322,2022-01-01
UAE_496,P_UAE_496_4,Retail,1905,762,2022-01-01
UAE_497,P_UAE_497_1,Retail,8643,3111,2022-01-01
UAE_497,P_UAE_497_2,Retail,10465,7149,2022-01-01
UAE_497,P_UAE_497_3,Retail,3655,2006,2022-01-01
UAE_498,P_UAE_498_1,Retail,2759,1801,2022-01-01
UAE_498,P_UAE_498_2,Retail,4055,2628,2022-01-01
UAE_498,P_UAE_498_3,Retail,2101,1157,2022-01-01
UAE_499,P_UAE_499_1,Retail,2080,1392,2022-01-01
UAE_499,P_UAE_499_2,Retail,696,486,2022-01-01
UAE_500,P_UAE_500_1,Retail,15460,5626,2022-01-01
UAE_500,P_UAE_500_2,Retail,8678,5924,2022-01-01
